feature,coef,modality,abs_coef
text__aaron,0.6439065252195204,text,0.6439065252195204
text__abstract,-0.4392914376354944,text,0.4392914376354944
text__academy,-0.30076260290105034,text,0.30076260290105034
text__access,0.27776969129923956,text,0.27776969129923956
text__accessories,-0.021264703338083737,text,0.021264703338083737
text__accessory,-0.29448105416183373,text,0.29448105416183373
text__acoustic,0.5050098061494075,text,0.5050098061494075
text__acrylic,0.2733734519040868,text,0.2733734519040868
text__act,0.4658715633741847,text,0.4658715633741847
text__action,0.06910386781681403,text,0.06910386781681403
text__active,0.3198697826600659,text,0.3198697826600659
text__ad,0.17294882318812319,text,0.17294882318812319
text__adam,0.29190245868439985,text,0.29190245868439985
text__adapter,0.42280481918608415,text,0.42280481918608415
text__add,0.07050570612841343,text,0.07050570612841343
text__addiction,-0.4343451203377306,text,0.4343451203377306
text__adjustable,0.2079310536818389,text,0.2079310536818389
text__adult,-0.25812454734155177,text,0.25812454734155177
text__adults,0.5378996220260517,text,0.5378996220260517
text__advanced,1.0254108557680073,text,1.0254108557680073
text__adventure,0.5257804571560751,text,0.5257804571560751
text__adventures,-0.2362897286939443,text,0.2362897286939443
text__aerial,-0.2743233546927739,text,0.2743233546927739
text__affordable,0.21272718408209612,text,0.21272718408209612
text__africa,-0.07154834990735243,text,0.07154834990735243
text__african,-0.2827235194279604,text,0.2827235194279604
text__age,-0.06911162000541413,text,0.06911162000541413
text__agent,-0.08124413865047904,text,0.08124413865047904
text__ages,0.535268066032026,text,0.535268066032026
text__aid,-0.6686061663504075,text,0.6686061663504075
text__air,0.4541293479722894,text,0.4541293479722894
text__aka,-0.16578015086998055,text,0.16578015086998055
text__al,0.362597811726451,text,0.362597811726451
text__alaska,0.5928168963744531,text,0.5928168963744531
text__album,0.7846154094411115,text,0.7846154094411115
text__albums,0.27203107875290267,text,0.27203107875290267
text__alex,0.34159224871647914,text,0.34159224871647914
text__alexander,0.301693832532492,text,0.301693832532492
text__alice,0.4460816029563387,text,0.4460816029563387
text__alien,-0.5762420746724646,text,0.5762420746724646
text__alive,-0.07925953494940319,text,0.07925953494940319
text__alpha,-0.5363182738613195,text,0.5363182738613195
text__alphabet,0.4937707491590234,text,0.4937707491590234
text__alternative,0.3388297121033059,text,0.3388297121033059
text__aluminum,0.23136049126897285,text,0.23136049126897285
text__amazing,-0.432317196152964,text,0.432317196152964
text__amazon,0.3322143407344929,text,0.3322143407344929
text__america,-0.3803245800276406,text,0.3803245800276406
text__american,0.016386927165600643,text,0.016386927165600643
text__amy,1.5058599085887914,text,1.5058599085887914
text__analog,0.336805781380289,text,0.336805781380289
text__ancient,0.21500320456877445,text,0.21500320456877445
text__andrew,0.608415123306082,text,0.608415123306082
text__android,0.18169337076593953,text,0.18169337076593953
text__andy,0.4605864105960781,text,0.4605864105960781
text__angel,-0.45710282564454563,text,0.45710282564454563
text__angeles,-0.19536057871207146,text,0.19536057871207146
text__angels,-0.26543450782303024,text,0.26543450782303024
text__animal,0.2574019390738317,text,0.2574019390738317
text__animals,0.30737582670177815,text,0.30737582670177815
text__animated,0.3997396375767962,text,0.3997396375767962
text__animation,0.12191019172011976,text,0.12191019172011976
text__anime,0.138105162477843,text,0.138105162477843
text__anna,1.2226776587820682,text,1.2226776587820682
text__anniversary,0.6894955994035598,text,0.6894955994035598
text__annual,0.6576694901513872,text,0.6576694901513872
text__anthology,1.3639108319165734,text,1.3639108319165734
text__anthony,-0.24105691247151287,text,0.24105691247151287
text__anti,0.06001189396896335,text,0.06001189396896335
text__apocalypse,-0.01663892256334095,text,0.01663892256334095
text__apocalyptic,0.015180553049764508,text,0.015180553049764508
text__app,-0.4759939780549003,text,0.4759939780549003
text__apparel,-0.6204303915506518,text,0.6204303915506518
text__apple,-0.16535411027505528,text,0.16535411027505528
text__application,-0.5476333973285568,text,0.5476333973285568
text__apps,0.7504730922037183,text,0.7504730922037183
text__aquaponics,-0.574367096091629,text,0.574367096091629
text__arcade,0.30485207045014023,text,0.30485207045014023
text__architecture,1.0510159878089103,text,1.0510159878089103
text__archive,1.397703076917788,text,1.397703076917788
text__arctic,2.099050307098554,text,2.099050307098554
text__arduino,0.6815939259483387,text,0.6815939259483387
text__area,0.0016133192944829356,text,0.0016133192944829356
text__arena,-0.5211381413269981,text,0.5211381413269981
text__arm,0.28666307028996263,text,0.28666307028996263
text__army,-0.6831604876521339,text,0.6831604876521339
text__art,-0.11835676041993622,text,0.11835676041993622
text__artbook,1.027870283511518,text,1.027870283511518
text__artisan,0.7434287488668199,text,0.7434287488668199
text__artist,-0.549465324265727,text,0.549465324265727
text__artistic,-0.6948440506016155,text,0.6948440506016155
text__artists,0.20223996931375984,text,0.20223996931375984
text__arts,-0.08792772553481608,text,0.08792772553481608
text__artwork,-0.46240456322837603,text,0.46240456322837603
text__ashes,-0.47162995106713457,text,0.47162995106713457
text__asian,0.4872178633999455,text,0.4872178633999455
text__ass,-0.4057229179095365,text,0.4057229179095365
text__athletic,0.3244701222005394,text,0.3244701222005394
text__atlanta,-0.4042202333994816,text,0.4042202333994816
text__atlas,1.1539352276692827,text,1.1539352276692827
text__attack,-0.009894664055488465,text,0.009894664055488465
text__audio,-0.32765439452598966,text,0.32765439452598966
text__audiobook,0.2273370275044381,text,0.2273370275044381
text__augmented,0.9302901070373535,text,0.9302901070373535
text__austin,0.33194267996499105,text,0.33194267996499105
text__australia,-0.02693181315471377,text,0.02693181315471377
text__australian,-0.5663099367494537,text,0.5663099367494537
text__authentic,0.22926507415712083,text,0.22926507415712083
text__author,-0.37002581951210795,text,0.37002581951210795
text__autism,-0.1860281054530388,text,0.1860281054530388
text__auto,0.15792523761883542,text,0.15792523761883542
text__automatic,0.5048526906036339,text,0.5048526906036339
text__autumn,-0.01791073891054107,text,0.01791073891054107
text__awakening,-0.2928789186255358,text,0.2928789186255358
text__award,0.14520503973826407,text,0.14520503973826407
text__awareness,-1.0739452326592893,text,1.0739452326592893
text__away,0.30328710741346127,text,0.30328710741346127
text__awesome,0.44111994731170445,text,0.44111994731170445
text__babies,-0.1435338882045739,text,0.1435338882045739
text__baby,0.09196946579690352,text,0.09196946579690352
text__backpack,1.3085688225110823,text,1.3085688225110823
text__backyard,-0.01840656595080762,text,0.01840656595080762
text__bacon,-0.013527730191454927,text,0.013527730191454927
text__bad,-0.0012729911187164729,text,0.0012729911187164729
text__bag,0.42551871843880035,text,0.42551871843880035
text__bags,0.3647851920889742,text,0.3647851920889742
text__bake,0.1763661722773626,text,0.1763661722773626
text__baked,-0.6710206879301249,text,0.6710206879301249
text__bakery,0.25761908800153116,text,0.25761908800153116
text__baking,0.2873664174944411,text,0.2873664174944411
text__balance,-0.036314307961622834,text,0.036314307961622834
text__ball,-0.3496940046825244,text,0.3496940046825244
text__ballet,-0.11609844278106667,text,0.11609844278106667
text__balloon,-0.1377813568237801,text,0.1377813568237801
text__balls,-0.015298794449468472,text,0.015298794449468472
text__bamboo,0.4339786002056366,text,0.4339786002056366
text__banana,-0.2824182695389976,text,0.2824182695389976
text__band,-0.2650486943484874,text,0.2650486943484874
text__bands,-0.6731477198929742,text,0.6731477198929742
text__bang,0.5497621939538228,text,0.5497621939538228
text__bank,-0.3773135623025874,text,0.3773135623025874
text__bar,0.16011863717012717,text,0.16011863717012717
text__barn,-0.26706273426592303,text,0.26706273426592303
text__barrel,0.559916578079957,text,0.559916578079957
text__bars,0.5216414339527708,text,0.5216414339527708
text__base,0.2472406133907022,text,0.2472406133907022
text__baseball,-0.43551490229844436,text,0.43551490229844436
text__based,-0.36894346565668784,text,0.36894346565668784
text__basketball,-0.8406747966248216,text,0.8406747966248216
text__bass,-0.40675176377610567,text,0.40675176377610567
text__bath,-0.43215074337448506,text,0.43215074337448506
text__battery,0.49430787612333393,text,0.49430787612333393
text__battle,-0.3044816182270827,text,0.3044816182270827
text__bay,-0.14218702317515686,text,0.14218702317515686
text__bbq,-0.7122267002320928,text,0.7122267002320928
text__beach,-0.048910864366616895,text,0.048910864366616895
text__bean,-0.25542954911691595,text,0.25542954911691595
text__bear,0.12312381096912617,text,0.12312381096912617
text__beard,0.2646339506789107,text,0.2646339506789107
text__beast,0.6065535829257938,text,0.6065535829257938
text__beat,0.34365488037765357,text,0.34365488037765357
text__beautiful,0.06350073901849375,text,0.06350073901849375
text__beauty,-0.35611422522331093,text,0.35611422522331093
text__bed,-0.05981225846599713,text,0.05981225846599713
text__bee,0.5111387189819814,text,0.5111387189819814
text__beef,0.3160466359382169,text,0.3160466359382169
text__beer,0.36007988385729395,text,0.36007988385729395
text__bees,0.33706997053209486,text,0.33706997053209486
text__beginning,-0.6460743294091126,text,0.6460743294091126
text__begins,-0.09129711350946472,text,0.09129711350946472
text__believe,-0.19618424046695093,text,0.19618424046695093
text__bell,0.46316894697731703,text,0.46316894697731703
text__bella,-0.06822097324286011,text,0.06822097324286011
text__belt,0.821665453230207,text,0.821665453230207
text__ben,0.7078432961599563,text,0.7078432961599563
text__beneath,0.16989107352486824,text,0.16989107352486824
text__berlin,0.9980453016335848,text,0.9980453016335848
text__best,0.3340350848799146,text,0.3340350848799146
text__better,0.4590477744759292,text,0.4590477744759292
text__bible,-0.07380947399645424,text,0.07380947399645424
text__bicycle,0.399705633906433,text,0.399705633906433
text__big,0.24077374824205547,text,0.24077374824205547
text__bigger,0.5296163240607203,text,0.5296163240607203
text__bike,0.8127014443947183,text,0.8127014443947183
text__bikes,0.356554736736188,text,0.356554736736188
text__billy,0.1565533825112968,text,0.1565533825112968
text__biography,0.2332295502032589,text,0.2332295502032589
text__bird,0.22462586102393042,text,0.22462586102393042
text__birds,0.8024777778131686,text,0.8024777778131686
text__birth,-0.004599499554496439,text,0.004599499554496439
text__birthday,0.13176319692298816,text,0.13176319692298816
text__bit,0.43805040577269555,text,0.43805040577269555
text__bite,0.2300135556108546,text,0.2300135556108546
text__black,-0.1696442846392671,text,0.1696442846392671
text__blade,0.5906646005908608,text,0.5906646005908608
text__blind,0.05793552021892659,text,0.05793552021892659
text__block,0.373858898330266,text,0.373858898330266
text__blocks,0.4151360107065778,text,0.4151360107065778
text__blog,-0.8368609752590791,text,0.8368609752590791
text__blood,0.017116936647314656,text,0.017116936647314656
text__blue,0.015154368561330244,text,0.015154368561330244
text__blues,-0.29251101828590587,text,0.29251101828590587
text__bluetooth,0.4316887629005229,text,0.4316887629005229
text__board,-0.13187883624743008,text,0.13187883624743008
text__boards,-0.05509899163355485,text,0.05509899163355485
text__boat,-0.08434101256033023,text,0.08434101256033023
text__bob,0.07337896900239398,text,0.07337896900239398
text__bobby,-0.7429921143699799,text,0.7429921143699799
text__body,-0.19442402670860473,text,0.19442402670860473
text__bold,0.5585259592316004,text,0.5585259592316004
text__bomb,0.33488807203713444,text,0.33488807203713444
text__bone,0.45928460083344114,text,0.45928460083344114
text__bones,0.4952447583848871,text,0.4952447583848871
text__book,0.7339855244416338,text,0.7339855244416338
text__books,0.40720802076685053,text,0.40720802076685053
text__boom,0.6706444753956422,text,0.6706444753956422
text__booth,0.4916060162846087,text,0.4916060162846087
text__boots,0.3537542516624793,text,0.3537542516624793
text__borders,0.5033389578794946,text,0.5033389578794946
text__born,0.1530305200844463,text,0.1530305200844463
text__boss,-0.12564596551720245,text,0.12564596551720245
text__boston,0.7700634883719805,text,0.7700634883719805
text__bottle,0.6742121355115033,text,0.6742121355115033
text__bound,0.22775461272201591,text,0.22775461272201591
text__boutique,-1.1868446952587983,text,1.1868446952587983
text__bow,0.4872254972030352,text,0.4872254972030352
text__bowl,0.0835198202160105,text,0.0835198202160105
text__bowls,1.5279094554983013,text,1.5279094554983013
text__box,-0.11501109076368879,text,0.11501109076368879
text__boxes,0.397515896500821,text,0.397515896500821
text__boy,0.3679265532103211,text,0.3679265532103211
text__boys,-0.13222763520995381,text,0.13222763520995381
text__bracelet,0.38083595199995984,text,0.38083595199995984
text__bracelets,0.4061862899117347,text,0.4061862899117347
text__brain,0.2938015010346483,text,0.2938015010346483
text__brand,-0.6627083584409481,text,0.6627083584409481
text__brass,1.138890862812382,text,1.138890862812382
text__brave,0.5209138943276501,text,0.5209138943276501
text__bread,0.7823745373303328,text,0.7823745373303328
text__break,-0.2888149820893272,text,0.2888149820893272
text__breakfast,0.11088193144444387,text,0.11088193144444387
text__breaking,-0.13341968643916047,text,0.13341968643916047
text__brew,0.16171911425730387,text,0.16171911425730387
text__brewery,0.38594280650897045,text,0.38594280650897045
text__brewing,1.7594793432866804,text,1.7594793432866804
text__brian,0.5269187372784477,text,0.5269187372784477
text__brick,0.343575705686237,text,0.343575705686237
text__bridge,0.8052856962244174,text,0.8052856962244174
text__bright,0.4370268261369934,text,0.4370268261369934
text__bring,0.28673994614223175,text,0.28673994614223175
text__bringing,-0.04404963606858191,text,0.04404963606858191
text__brings,0.9069434852936119,text,0.9069434852936119
text__british,0.19267304195967522,text,0.19267304195967522
text__broadway,0.09747446519031072,text,0.09747446519031072
text__broken,0.1604322040269229,text,0.1604322040269229
text__bronze,-0.2614529276313061,text,0.2614529276313061
text__brooklyn,1.609398375427403,text,1.609398375427403
text__brother,-0.3284726359055511,text,0.3284726359055511
text__brothers,0.05431374296874056,text,0.05431374296874056
text__brown,-0.19574878030758905,text,0.19574878030758905
text__brush,-0.6813785140602306,text,0.6813785140602306
text__bubble,-0.25495280758566624,text,0.25495280758566624
text__buddy,-0.9949869176385044,text,0.9949869176385044
text__budget,-1.270251788073651,text,1.270251788073651
text__buffalo,0.7097957318861539,text,0.7097957318861539
text__bug,0.3647271216595081,text,0.3647271216595081
text__build,0.355134308904859,text,0.355134308904859
text__building,0.2964743839071944,text,0.2964743839071944
text__built,0.86525988671443,text,0.86525988671443
text__bull,0.522689437788583,text,0.522689437788583
text__bullet,0.5201273600256181,text,0.5201273600256181
text__bullying,-0.7715967819211655,text,0.7715967819211655
text__bunny,0.6013953851289234,text,0.6013953851289234
text__burger,-0.05536795966678932,text,0.05536795966678932
text__burlesque,0.30958676640835764,text,0.30958676640835764
text__burn,0.3679526822830512,text,0.3679526822830512
text__burning,1.6839297594696079,text,1.6839297594696079
text__bus,0.43973195178757274,text,0.43973195178757274
text__business,-0.6077461548208405,text,0.6077461548208405
text__bust,0.7989362525248317,text,0.7989362525248317
text__butter,0.22630915336338983,text,0.22630915336338983
text__butterfly,-0.280766083328157,text,0.280766083328157
text__button,0.359280070153089,text,0.359280070153089
text__buy,0.2841599979991049,text,0.2841599979991049
text__ca,-0.25798801061281623,text,0.25798801061281623
text__cabaret,0.5109837640340534,text,0.5109837640340534
text__cable,1.0851443158681873,text,1.0851443158681873
text__caf,0.7619276545842135,text,0.7619276545842135
text__cafe,0.09061021867571538,text,0.09061021867571538
text__cake,-0.1168349296160399,text,0.1168349296160399
text__cakes,-0.8498279842758162,text,0.8498279842758162
text__calendar,0.4348351587789272,text,0.4348351587789272
text__california,-0.27806295397791597,text,0.27806295397791597
text__called,-0.45145547446105383,text,0.45145547446105383
text__calling,0.031790308877903996,text,0.031790308877903996
text__camera,1.1368401139687812,text,1.1368401139687812
text__camp,0.3524183781302747,text,0.3524183781302747
text__campaign,0.2500534496231835,text,0.2500534496231835
text__canada,0.42255461100633657,text,0.42255461100633657
text__canadian,-0.0367961810104678,text,0.0367961810104678
text__cancer,0.03478455930884963,text,0.03478455930884963
text__candle,-0.3249568544870344,text,0.3249568544870344
text__candles,-0.3000125498232886,text,0.3000125498232886
text__candy,-0.2005619313094458,text,0.2005619313094458
text__canvas,-0.630679982219134,text,0.630679982219134
text__cap,-0.43045462513506305,text,0.43045462513506305
text__capital,-0.2461608326175732,text,0.2461608326175732
text__captain,-0.4462666134540683,text,0.4462666134540683
text__capture,-0.16281270231320638,text,0.16281270231320638
text__capturing,-0.45930755965832715,text,0.45930755965832715
text__car,-0.4273448362930252,text,0.4273448362930252
text__carbon,0.5912179444901776,text,0.5912179444901776
text__card,-0.008432160543017994,text,0.008432160543017994
text__cards,0.6257164665719251,text,0.6257164665719251
text__care,-0.15563879195449715,text,0.15563879195449715
text__career,-1.3206553948858522,text,1.3206553948858522
text__carry,0.9844889360494692,text,0.9844889360494692
text__cars,-0.3386695916255974,text,0.3386695916255974
text__cart,0.366302228310376,text,0.366302228310376
text__cartoon,-0.5833939292381631,text,0.5833939292381631
text__case,-0.5874428647017846,text,0.5874428647017846
text__cases,-0.3781559472277741,text,0.3781559472277741
text__cash,0.3573531632654896,text,0.3573531632654896
text__cast,1.1517133722889263,text,1.1517133722889263
text__castle,0.253212351899592,text,0.253212351899592
text__casual,0.22302265649266387,text,0.22302265649266387
text__cat,0.3664887294088975,text,0.3664887294088975
text__catch,0.057873752274581323,text,0.057873752274581323
text__catering,-0.8070028783881343,text,0.8070028783881343
text__cats,0.31764636490326814,text,0.31764636490326814
text__cause,0.19814464269731247,text,0.19814464269731247
text__cave,0.37517338263306194,text,0.37517338263306194
text__cd,0.14766334727152436,text,0.14766334727152436
text__celebrating,0.742062581548475,text,0.742062581548475
text__celebration,-0.32797621942521116,text,0.32797621942521116
text__cell,-0.2520360055654564,text,0.2520360055654564
text__center,0.32745494031307876,text,0.32745494031307876
text__central,0.2806622482434196,text,0.2806622482434196
text__centre,-0.7314787836408752,text,0.7314787836408752
text__century,0.3176138660041032,text,0.3176138660041032
text__ceramic,0.4517739964409377,text,0.4517739964409377
text__ceramics,0.678309120396323,text,0.678309120396323
text__chain,-0.6332099266726825,text,0.6332099266726825
text__chair,-0.16213256863277506,text,0.16213256863277506
text__challenge,-0.5381048719290051,text,0.5381048719290051
text__chamber,0.3774088062764244,text,0.3774088062764244
text__championship,-0.45595580377218936,text,0.45595580377218936
text__chance,0.10740644594542988,text,0.10740644594542988
text__change,0.13906285963778167,text,0.13906285963778167
text__changing,0.037557081955163156,text,0.037557081955163156
text__channel,-0.6032623805773404,text,0.6032623805773404
text__chaos,0.22180438035545458,text,0.22180438035545458
text__chapter,0.5507426352454996,text,0.5507426352454996
text__character,0.15048284936387804,text,0.15048284936387804
text__charge,0.3247594741312791,text,0.3247594741312791
text__charger,0.5681045814486255,text,0.5681045814486255
text__charging,0.832211499344748,text,0.832211499344748
text__charles,-0.16096666801933066,text,0.16096666801933066
text__charlie,0.7034374907005675,text,0.7034374907005675
text__charms,0.8837750656243425,text,0.8837750656243425
text__chase,0.10997922745720295,text,0.10997922745720295
text__chasing,0.3327086818253647,text,0.3327086818253647
text__check,-0.4869582037165543,text,0.4869582037165543
text__cheese,0.7261520376032854,text,0.7261520376032854
text__chef,-0.07903669530060188,text,0.07903669530060188
text__chess,-0.9891574852811128,text,0.9891574852811128
text__chic,-0.36308364404727267,text,0.36308364404727267
text__chicago,0.5249768342871358,text,0.5249768342871358
text__chicken,-0.3032424610936098,text,0.3032424610936098
text__child,-0.14153042153565343,text,0.14153042153565343
text__children,-0.10915612548376523,text,0.10915612548376523
text__childrens,-1.753445471012933,text,1.753445471012933
text__china,0.052253367115543556,text,0.052253367115543556
text__chinese,0.3470357026212545,text,0.3470357026212545
text__chocolate,0.5590947996286195,text,0.5590947996286195
text__choice,-0.9012851242645727,text,0.9012851242645727
text__choir,0.40001792429521965,text,0.40001792429521965
text__choose,-0.01891974764919604,text,0.01891974764919604
text__chris,0.7844639450620056,text,0.7844639450620056
text__christ,-0.8205747390896141,text,0.8205747390896141
text__christian,-1.1971271770911895,text,1.1971271770911895
text__christmas,-0.2149200646309657,text,0.2149200646309657
text__chronicles,-0.24846489132854746,text,0.24846489132854746
text__church,0.2875825350111844,text,0.2875825350111844
text__cinema,0.7664537029565388,text,0.7664537029565388
text__circle,0.25227897731488547,text,0.25227897731488547
text__circus,0.5933864772158441,text,0.5933864772158441
text__cities,0.21586018166724724,text,0.21586018166724724
text__citizen,0.5834684179109492,text,0.5834684179109492
text__city,0.3785610924426054,text,0.3785610924426054
text__civil,-0.45303131548204295,text,0.45303131548204295
text__class,0.06499884915626941,text,0.06499884915626941
text__classic,0.38703775925810774,text,0.38703775925810774
text__classical,-0.28475694366115895,text,0.28475694366115895
text__classroom,0.10420736466483473,text,0.10420736466483473
text__clay,0.35159146920720397,text,0.35159146920720397
text__clean,-0.3426356424229083,text,0.3426356424229083
text__clear,0.3521975098875656,text,0.3521975098875656
text__click,0.6903996105727987,text,0.6903996105727987
text__climate,1.2090062541429265,text,1.2090062541429265
text__clip,-0.10084221176061495,text,0.10084221176061495
text__clock,0.5033451474853435,text,0.5033451474853435
text__close,0.3192541609769387,text,0.3192541609769387
text__closet,-0.4081408716812202,text,0.4081408716812202
text__clothes,-0.1705881480360476,text,0.1705881480360476
text__clothing,-1.0821078935005504,text,1.0821078935005504
text__cloud,0.15963279410205933,text,0.15963279410205933
text__clown,0.21315166685826092,text,0.21315166685826092
text__club,0.11059602688358064,text,0.11059602688358064
text__cnc,0.13319942785336478,text,0.13319942785336478
text__coast,-0.17618288811616417,text,0.17618288811616417
text__cocktail,1.2043933672952876,text,1.2043933672952876
text__code,0.27005648670696547,text,0.27005648670696547
text__coffee,0.36943151557775067,text,0.36943151557775067
text__coin,0.675340940210802,text,0.675340940210802
text__coins,0.8772645061504095,text,0.8772645061504095
text__cold,0.7232176851196479,text,0.7232176851196479
text__collaboration,0.6333976928413471,text,0.6333976928413471
text__collaborative,0.22392453398976003,text,0.22392453398976003
text__collar,-0.1564521205188262,text,0.1564521205188262
text__collectible,-0.4384430434062526,text,0.4384430434062526
text__collection,0.5827562746818642,text,0.5827562746818642
text__collective,0.8711764180911886,text,0.8711764180911886
text__collector,0.405613897213564,text,0.405613897213564
text__college,-0.1756926254124886,text,0.1756926254124886
text__color,0.17340011626729276,text,0.17340011626729276
text__colorado,-0.26716623101273707,text,0.26716623101273707
text__colorful,0.09262454661707778,text,0.09262454661707778
text__coloring,0.14891659262325427,text,0.14891659262325427
text__colors,0.3511861168157382,text,0.3511861168157382
text__colour,0.12629154598041767,text,0.12629154598041767
text__com,-1.2145565210904972,text,1.2145565210904972
text__combat,0.254721935883333,text,0.254721935883333
text__come,0.21714598723163295,text,0.21714598723163295
text__comedy,0.40581819809705183,text,0.40581819809705183
text__comes,0.24413598365072572,text,0.24413598365072572
text__comfort,-0.14199356419168987,text,0.14199356419168987
text__comfortable,0.9607740626291126,text,0.9607740626291126
text__comic,-0.35461846447997447,text,0.35461846447997447
text__comics,0.0007248104097796768,text,0.0007248104097796768
text__coming,0.28835223433225454,text,0.28835223433225454
text__commissions,0.7769145351168796,text,0.7769145351168796
text__common,-0.15759043126257513,text,0.15759043126257513
text__communication,0.040768412109370704,text,0.040768412109370704
text__community,0.535843070906244,text,0.535843070906244
text__compact,0.7693346086865254,text,0.7693346086865254
text__companion,0.7140321685169372,text,0.7140321685169372
text__company,-0.09244203257814254,text,0.09244203257814254
text__compatible,0.6948778205808457,text,0.6948778205808457
text__competition,-0.49930653348317716,text,0.49930653348317716
text__compilation,-0.17989174442835848,text,0.17989174442835848
text__complete,0.6845189231762503,text,0.6845189231762503
text__completion,0.34690598501308123,text,0.34690598501308123
text__computer,0.23336523933659398,text,0.23336523933659398
text__concept,-0.575693265018122,text,0.575693265018122
text__concert,-0.29970981607861946,text,0.29970981607861946
text__concrete,0.24196605444290872,text,0.24196605444290872
text__conference,0.5182923396038474,text,0.5182923396038474
text__confessions,-0.3435434102078932,text,0.3435434102078932
text__connect,-0.09140243766275191,text,0.09140243766275191
text__connected,1.1175643299879716,text,1.1175643299879716
text__connecting,0.4592297611120314,text,0.4592297611120314
text__connection,0.24826656265359376,text,0.24826656265359376
text__conservation,0.0771047612852646,text,0.0771047612852646
text__console,0.6392724742004388,text,0.6392724742004388
text__construction,0.6946214900754092,text,0.6946214900754092
text__contemporary,0.1137182286475291,text,0.1137182286475291
text__contest,-1.548407393682362,text,1.548407393682362
text__control,0.3936466987170167,text,0.3936466987170167
text__controlled,0.43666120685569404,text,0.43666120685569404
text__controller,0.2743036556344057,text,0.2743036556344057
text__convention,0.5077422459499735,text,0.5077422459499735
text__cook,0.2016324834161574,text,0.2016324834161574
text__cookbook,0.8057616428964527,text,0.8057616428964527
text__cookie,0.43727990341956763,text,0.43727990341956763
text__cookies,0.07192436558447408,text,0.07192436558447408
text__cooking,-0.13953743093941293,text,0.13953743093941293
text__cool,-0.06892702106806234,text,0.06892702106806234
text__cooler,-0.3160034352675136,text,0.3160034352675136
text__coolest,-0.046821233564813304,text,0.046821233564813304
text__copper,0.4396063029979986,text,0.4396063029979986
text__core,1.0257192377227262,text,1.0257192377227262
text__corner,-0.10681202957317473,text,0.10681202957317473
text__cosmetics,-0.7285449256759658,text,0.7285449256759658
text__cosmic,0.2829564471869635,text,0.2829564471869635
text__cosplay,-0.6526626600412481,text,0.6526626600412481
text__cost,-0.9569784263217591,text,0.9569784263217591
text__cotton,0.5033951126338729,text,0.5033951126338729
text__country,-0.35543632326050434,text,0.35543632326050434
text__county,-0.2221300926561189,text,0.2221300926561189
text__course,1.0232085618368816,text,1.0232085618368816
text__couture,-0.8122049005840012,text,0.8122049005840012
text__cover,-0.25654042149330425,text,0.25654042149330425
text__covers,0.03553734773916494,text,0.03553734773916494
text__cowboy,-0.5618674707182996,text,0.5618674707182996
text__craft,0.3550837519433598,text,0.3550837519433598
text__crafted,0.30543505193875065,text,0.30543505193875065
text__crafts,-0.6916645524432242,text,0.6916645524432242
text__crazy,-0.38224902767254115,text,0.38224902767254115
text__cream,0.4543251278820696,text,0.4543251278820696
text__create,0.05017085087166843,text,0.05017085087166843
text__created,0.385994125666906,text,0.385994125666906
text__creating,-0.6774780746568655,text,0.6774780746568655
text__creation,-0.45492070187543193,text,0.45492070187543193
text__creations,-1.1406679588176079,text,1.1406679588176079
text__creative,-0.13622575158415368,text,0.13622575158415368
text__creativity,-0.23936500484652587,text,0.23936500484652587
text__creator,0.7961341550851306,text,0.7961341550851306
text__creature,1.0607206262176994,text,1.0607206262176994
text__creatures,0.2853866870358619,text,0.2853866870358619
text__creek,0.34497442284628765,text,0.34497442284628765
text__crew,-0.07598780260076063,text,0.07598780260076063
text__crime,0.2347693619443269,text,0.2347693619443269
text__crisis,0.12913627591009288,text,0.12913627591009288
text__crochet,-0.8054723384008086,text,0.8054723384008086
text__cross,-0.24643816004761976,text,0.24643816004761976
text__crossing,1.022982485566017,text,1.022982485566017
text__crowd,-0.23919980435038363,text,0.23919980435038363
text__crown,-0.1891588663756829,text,0.1891588663756829
text__crystal,0.0574147901007248,text,0.0574147901007248
text__cthulhu,2.2517613134041468,text,2.2517613134041468
text__cuba,0.6532040969066032,text,0.6532040969066032
text__cube,-0.2705929710467074,text,0.2705929710467074
text__cuisine,-0.886647015446824,text,0.886647015446824
text__culinary,-0.4790543247851389,text,0.4790543247851389
text__cultural,-0.6199813903197936,text,0.6199813903197936
text__culture,0.09814812081650993,text,0.09814812081650993
text__cup,0.34880851198152213,text,0.34880851198152213
text__cupcake,-0.6422777876387172,text,0.6422777876387172
text__cupcakes,-0.912966471307487,text,0.912966471307487
text__curse,0.1304968259762061,text,0.1304968259762061
text__custom,-0.8093486794398442,text,0.8093486794398442
text__customizable,0.17310726351068176,text,0.17310726351068176
text__customized,0.17615287974940383,text,0.17615287974940383
text__cut,0.5706513160437386,text,0.5706513160437386
text__cute,0.19482016698929247,text,0.19482016698929247
text__cutting,0.14317619933911288,text,0.14317619933911288
text__cycle,0.4360982363698509,text,0.4360982363698509
text__cycling,0.9571943907078725,text,0.9571943907078725
text__da,-0.5585603253229466,text,0.5585603253229466
text__dad,-0.20431574662930088,text,0.20431574662930088
text__daddy,-0.5599053640425637,text,0.5599053640425637
text__daily,0.2970376176734533,text,0.2970376176734533
text__dan,0.9926453231509158,text,0.9926453231509158
text__dance,0.09720959148344557,text,0.09720959148344557
text__dancers,-0.1527455571597299,text,0.1527455571597299
text__dancing,-0.46404198295994026,text,0.46404198295994026
text__daniel,0.6274849783902693,text,0.6274849783902693
text__dare,-0.5048179808983322,text,0.5048179808983322
text__dark,0.20392197591339467,text,0.20392197591339467
text__darkness,-0.4612116838416917,text,0.4612116838416917
text__das,0.12561542899574585,text,0.12561542899574585
text__data,0.01360344994091181,text,0.01360344994091181
text__date,-0.5950899267925109,text,0.5950899267925109
text__dating,-0.43680043654337086,text,0.43680043654337086
text__daughter,0.5126085466270004,text,0.5126085466270004
text__dave,0.6634196034452601,text,0.6634196034452601
text__david,0.292289511592383,text,0.292289511592383
text__davis,0.7892840018526852,text,0.7892840018526852
text__dawn,-0.25030132360831797,text,0.25030132360831797
text__day,0.3097292611314006,text,0.3097292611314006
text__days,0.12717044347675055,text,0.12717044347675055
text__dc,0.7735008912632957,text,0.7735008912632957
text__dead,0.20102233538035336,text,0.20102233538035336
text__deadly,-0.478113499435866,text,0.478113499435866
text__deal,-0.816190273378592,text,0.816190273378592
text__dear,0.6044404142827371,text,0.6044404142827371
text__death,0.10331679615670987,text,0.10331679615670987
text__debut,0.745671741075552,text,0.745671741075552
text__deck,0.17723549860601256,text,0.17723549860601256
text__decor,-0.642106952154247,text,0.642106952154247
text__deep,0.6763629356621572,text,0.6763629356621572
text__defense,-0.4891461037358998,text,0.4891461037358998
text__degree,2.059065109744496,text,2.059065109744496
text__del,0.5501249336741252,text,0.5501249336741252
text__delicious,0.340459526619666,text,0.340459526619666
text__delivery,-0.5663440676463909,text,0.5663440676463909
text__deluxe,1.06954033951337,text,1.06954033951337
text__demand,0.10359592965065192,text,0.10359592965065192
text__demo,-0.6650270993479891,text,0.6650270993479891
text__demon,-0.11439331089186133,text,0.11439331089186133
text__demons,-0.5484865574578907,text,0.5484865574578907
text__denim,1.3243387899081767,text,1.3243387899081767
text__der,-0.059070902873234014,text,0.059070902873234014
text__desert,0.3967663738487494,text,0.3967663738487494
text__design,-0.10918429936673774,text,0.10918429936673774
text__designed,0.7188239371536975,text,0.7188239371536975
text__designer,-0.5542980110053611,text,0.5542980110053611
text__designs,-0.586208865540268,text,0.586208865540268
text__desk,0.6970752433487583,text,0.6970752433487583
text__desktop,1.5822255489792283,text,1.5822255489792283
text__destiny,-0.09372810768587395,text,0.09372810768587395
text__detective,-0.26416558075271446,text,0.26416558075271446
text__detroit,0.7742841540894045,text,0.7742841540894045
text__development,-0.7095527847150012,text,0.7095527847150012
text__device,0.2558756592270467,text,0.2558756592270467
text__devices,0.4286682757587252,text,0.4286682757587252
text__devil,0.06984760300720089,text,0.06984760300720089
text__di,0.89508391316893,text,0.89508391316893
text__diamond,-0.9306805250618263,text,0.9306805250618263
text__diaries,0.222667875230661,text,0.222667875230661
text__diary,-0.4562120178543691,text,0.4562120178543691
text__dice,0.8542158595890769,text,0.8542158595890769
text__did,0.07640468404065734,text,0.07640468404065734
text__die,0.2400450159873823,text,0.2400450159873823
text__diego,0.19905713336758854,text,0.19905713336758854
text__difference,-0.738774484965176,text,0.738774484965176
text__different,0.15524436182947576,text,0.15524436182947576
text__digital,0.1698717609321333,text,0.1698717609321333
text__dinner,0.1951112167606593,text,0.1951112167606593
text__dinosaur,0.1986543313991252,text,0.1986543313991252
text__dirt,-0.271551918304821,text,0.271551918304821
text__dirty,0.10089182900529554,text,0.10089182900529554
text__disaster,-0.011450967565164845,text,0.011450967565164845
text__disc,0.9281707750803242,text,0.9281707750803242
text__discover,-0.7342996687890586,text,0.7342996687890586
text__discovering,-0.09195728917734843,text,0.09195728917734843
text__discovery,-0.6003998913370768,text,0.6003998913370768
text__display,0.015261553230388449,text,0.015261553230388449
text__distribution,-0.2604476763829976,text,0.2604476763829976
text__dive,-0.19030722694547608,text,0.19030722694547608
text__diversity,-0.03741581024417135,text,0.03741581024417135
text__divine,-0.14610334421415302,text,0.14610334421415302
text__diy,-0.035499581854823006,text,0.035499581854823006
text__dj,-1.177889875613403,text,1.177889875613403
text__doc,0.8404259511379029,text,0.8404259511379029
text__dock,0.37475772762482484,text,0.37475772762482484
text__doctor,0.3419958924901081,text,0.3419958924901081
text__documentary,0.7335879016220135,text,0.7335879016220135
text__documenting,1.033135082775338,text,1.033135082775338
text__does,0.2443037032666129,text,0.2443037032666129
text__dog,0.1822826490766896,text,0.1822826490766896
text__dogs,-0.2989671335381096,text,0.2989671335381096
text__doll,0.13771482646479258,text,0.13771482646479258
text__dollar,0.40751911028558857,text,0.40751911028558857
text__dolls,0.35338798619992096,text,0.35338798619992096
text__don,0.05883310134797642,text,0.05883310134797642
text__door,0.18665727679551558,text,0.18665727679551558
text__double,0.9178217623237761,text,0.9178217623237761
text__downtown,0.7560807696654739,text,0.7560807696654739
text__dr,0.04058690436224586,text,0.04058690436224586
text__dragon,0.2274128968419842,text,0.2274128968419842
text__dragons,0.30812807063103004,text,0.30812807063103004
text__drama,-0.376525208826289,text,0.376525208826289
text__draw,0.3179551318287254,text,0.3179551318287254
text__drawing,0.6169429969112463,text,0.6169429969112463
text__drawings,0.10686486482474003,text,0.10686486482474003
text__drawn,0.30857851388119056,text,0.30857851388119056
text__dream,-0.4168150042109416,text,0.4168150042109416
text__dreaming,0.13211280084820978,text,0.13211280084820978
text__dreams,-0.43047233395584644,text,0.43047233395584644
text__dress,1.3796030902025465,text,1.3796030902025465
text__drink,0.016360121522161458,text,0.016360121522161458
text__drinking,-0.7536876526520342,text,0.7536876526520342
text__drive,0.01932316931602764,text,0.01932316931602764
text__driven,-0.41529142825980647,text,0.41529142825980647
text__driver,-0.18749327680409295,text,0.18749327680409295
text__driving,0.24366580169984725,text,0.24366580169984725
text__drone,-0.44703331829671406,text,0.44703331829671406
text__drop,0.19352323545205116,text,0.19352323545205116
text__drum,-0.1296697558570234,text,0.1296697558570234
text__dry,0.49953984843088195,text,0.49953984843088195
text__du,0.5440850188177407,text,0.5440850188177407
text__dual,0.3469437249442682,text,0.3469437249442682
text__duck,0.3729970530886099,text,0.3729970530886099
text__dungeon,0.7973109864747177,text,0.7973109864747177
text__duo,0.6442061892018381,text,0.6442061892018381
text__dust,0.7375727056524478,text,0.7375727056524478
text__dutch,-0.5499300935619249,text,0.5499300935619249
text__dvd,0.23397320987094217,text,0.23397320987094217
text__dying,0.14933531521779908,text,0.14933531521779908
text__eagle,0.6385009842609561,text,0.6385009842609561
text__early,-0.04962592238966525,text,0.04962592238966525
text__earth,-0.020419370818200434,text,0.020419370818200434
text__east,0.4745407134458363,text,0.4745407134458363
text__easy,0.04433458845029452,text,0.04433458845029452
text__eat,0.14478404917580595,text,0.14478404917580595
text__eating,0.03793697744368227,text,0.03793697744368227
text__eats,0.47900663713085795,text,0.47900663713085795
text__ebook,0.1626537510072915,text,0.1626537510072915
text__echo,0.2975881200379386,text,0.2975881200379386
text__eco,-0.5609465515908562,text,0.5609465515908562
text__ed,0.4400158914018805,text,0.4400158914018805
text__edc,1.3851826614238665,text,1.3851826614238665
text__eden,-0.20065422047394624,text,0.20065422047394624
text__edge,0.5074304584545427,text,0.5074304584545427
text__edinburgh,1.4495337844344136,text,1.4495337844344136
text__edition,1.2161407872074737,text,1.2161407872074737
text__education,-0.4283968696702704,text,0.4283968696702704
text__educational,-0.06932533321448761,text,0.06932533321448761
text__effect,0.22413563408141698,text,0.22413563408141698
text__effects,-0.5911949319341032,text,0.5911949319341032
text__egg,0.4672660571657085,text,0.4672660571657085
text__el,0.027040295520681216,text,0.027040295520681216
text__electric,0.6085883491357634,text,0.6085883491357634
text__electronic,0.057065998898569004,text,0.057065998898569004
text__elegant,0.5519483195189528,text,0.5519483195189528
text__elements,0.21641648794131182,text,0.21641648794131182
text__elephant,0.2726329430018339,text,0.2726329430018339
text__elite,-0.25036100428503255,text,0.25036100428503255
text__em,-0.19585451948844423,text,0.19585451948844423
text__emergency,-0.7931229352882772,text,0.7931229352882772
text__emily,0.8209780698195646,text,0.8209780698195646
text__empire,-0.14196347448179056,text,0.14196347448179056
text__empower,0.06253284821502014,text,0.06253284821502014
text__empowering,0.5965768613178868,text,0.5965768613178868
text__en,0.19307564926332121,text,0.19307564926332121
text__enamel,1.48176361589875,text,1.48176361589875
text__end,0.004897583550461537,text,0.004897583550461537
text__endless,0.48242463082538145,text,0.48242463082538145
text__energy,-0.35934553752385184,text,0.35934553752385184
text__engine,-0.2590210630905073,text,0.2590210630905073
text__england,-0.32185562299576603,text,0.32185562299576603
text__english,0.11551748406580195,text,0.11551748406580195
text__enjoy,0.14586864956472365,text,0.14586864956472365
text__ensemble,0.6962277295600716,text,0.6962277295600716
text__entertainment,-0.9747336887839555,text,0.9747336887839555
text__environment,-0.20182590446280232,text,0.20182590446280232
text__environmental,-0.3459760207416512,text,0.3459760207416512
text__ep,0.651904106157989,text,0.651904106157989
text__epic,0.6250122596128598,text,0.6250122596128598
text__episode,0.16394967544155703,text,0.16394967544155703
text__episodes,0.023957819883849506,text,0.023957819883849506
text__equipment,-1.0605214589232932,text,1.0605214589232932
text__era,0.13038370544711775,text,0.13038370544711775
text__eric,1.0370259349357158,text,1.0370259349357158
text__escape,-0.14673969094017256,text,0.14673969094017256
text__essential,0.3650075989192434,text,0.3650075989192434
text__et,-0.04979985546397765,text,0.04979985546397765
text__eternal,0.13816800205446364,text,0.13816800205446364
text__ethical,1.45355767533653,text,1.45355767533653
text__europe,0.3882169561577108,text,0.3882169561577108
text__european,0.059667563163104766,text,0.059667563163104766
text__eve,-0.0010138213072847044,text,0.0010138213072847044
text__evening,0.36426629903783164,text,0.36426629903783164
text__event,-0.5074874136577678,text,0.5074874136577678
text__events,-0.9084900513430838,text,0.9084900513430838
text__everybody,0.3942171167771678,text,0.3942171167771678
text__everyday,0.5653302014521627,text,0.5653302014521627
text__evil,-0.2983096134116129,text,0.2983096134116129
text__evolution,0.012560921646708908,text,0.012560921646708908
text__ex,0.7443838632413456,text,0.7443838632413456
text__exchange,0.6014994538370954,text,0.6014994538370954
text__exciting,-0.7047717434812522,text,0.7047717434812522
text__exclusive,-0.16742488171798312,text,0.16742488171798312
text__exercise,0.12856720389081513,text,0.12856720389081513
text__exhibit,0.49142234533656515,text,0.49142234533656515
text__exhibition,1.4205055568362845,text,1.4205055568362845
text__expand,0.08877748375925883,text,0.08877748375925883
text__expanding,0.23818103475069902,text,0.23818103475069902
text__expansion,0.638273722551585,text,0.638273722551585
text__expedition,0.4410754183134302,text,0.4410754183134302
text__experience,-0.07819863427529722,text,0.07819863427529722
text__experiment,0.16243181694581638,text,0.16243181694581638
text__experimental,0.5289701679904566,text,0.5289701679904566
text__exploration,0.08465264856411057,text,0.08465264856411057
text__explore,-0.3188666797901243,text,0.3188666797901243
text__exploring,0.19374495200647585,text,0.19374495200647585
text__expo,-0.30924442636299554,text,0.30924442636299554
text__express,0.003963852500009096,text,0.003963852500009096
text__extra,0.4248187657969074,text,0.4248187657969074
text__extraordinary,0.6066503523573472,text,0.6066503523573472
text__extravaganza,0.46388146631951654,text,0.46388146631951654
text__extreme,-0.4619656974497933,text,0.4619656974497933
text__eye,-0.045553989323624644,text,0.045553989323624644
text__eyes,-0.14024730514136108,text,0.14024730514136108
text__eyewear,0.7793245616139473,text,0.7793245616139473
text__fabric,0.22736816396861356,text,0.22736816396861356
text__fabulous,-0.09457130878571181,text,0.09457130878571181
text__face,-0.07660969866513238,text,0.07660969866513238
text__faces,-0.47737705009829323,text,0.47737705009829323
text__factory,0.1619994340056811,text,0.1619994340056811
text__fair,1.026277577165835,text,1.026277577165835
text__fairy,0.15683593783395397,text,0.15683593783395397
text__faith,-0.66205041173522,text,0.66205041173522
text__fall,0.28530572273078286,text,0.28530572273078286
text__fallen,-0.1703884224615357,text,0.1703884224615357
text__falling,0.5317882390069428,text,0.5317882390069428
text__falls,0.34625771983489645,text,0.34625771983489645
text__fame,-0.45655574111005237,text,0.45655574111005237
text__families,0.023229618653393375,text,0.023229618653393375
text__family,-0.17456386855471642,text,0.17456386855471642
text__famous,0.006436622454184743,text,0.006436622454184743
text__fan,-0.45225067306792127,text,0.45225067306792127
text__fans,-0.3081530127085422,text,0.3081530127085422
text__fantastic,0.3634255745583723,text,0.3634255745583723
text__fantasy,0.6336372243690115,text,0.6336372243690115
text__far,0.4403342135908919,text,0.4403342135908919
text__farm,0.9193874154694925,text,0.9193874154694925
text__farmers,0.2989375340896113,text,0.2989375340896113
text__farming,0.10369401924736027,text,0.10369401924736027
text__farms,0.574035350247103,text,0.574035350247103
text__fashion,-0.5245680957437977,text,0.5245680957437977
text__fast,-0.17862877984824774,text,0.17862877984824774
text__fat,-0.19285662976889295,text,0.19285662976889295
text__fate,-0.37125431861065566,text,0.37125431861065566
text__father,-0.2010409483028051,text,0.2010409483028051
text__favorite,0.031475553804913216,text,0.031475553804913216
text__fear,-0.29766108646867173,text,0.29766108646867173
text__feature,-0.0007409550663902273,text,0.0007409550663902273
text__featuring,0.34077245492077196,text,0.34077245492077196
text__feed,0.33255111357174677,text,0.33255111357174677
text__feel,0.3606324455958643,text,0.3606324455958643
text__feet,-0.0656955116750228,text,0.0656955116750228
text__female,0.7350946674072683,text,0.7350946674072683
text__fest,0.31468846521886856,text,0.31468846521886856
text__festival,0.4327633100815915,text,0.4327633100815915
text__festivals,0.0860281140618603,text,0.0860281140618603
text__fi,0.6859877861025061,text,0.6859877861025061
text__fiber,0.5918753495674908,text,0.5918753495674908
text__fiction,0.2896666736857758,text,0.2896666736857758
text__fidget,0.07346473751447193,text,0.07346473751447193
text__field,1.1525471729633758,text,1.1525471729633758
text__fight,-0.23327670668539338,text,0.23327670668539338
text__fighting,0.5705668109601725,text,0.5705668109601725
text__figure,0.599053831157525,text,0.599053831157525
text__figures,0.9004526946063539,text,0.9004526946063539
text__files,-0.03111647873424754,text,0.03111647873424754
text__film,0.6996158902397229,text,0.6996158902397229
text__films,0.2082120001695455,text,0.2082120001695455
text__final,0.37467581979375225,text,0.37467581979375225
text__finally,0.5946614398882296,text,0.5946614398882296
text__finding,0.028618619606680107,text,0.028618619606680107
text__fine,0.8603291047258781,text,0.8603291047258781
text__finish,0.7511663871046189,text,0.7511663871046189
text__finishing,1.229749399471856,text,1.229749399471856
text__fish,0.2068945987642475,text,0.2068945987642475
text__fishing,-0.6546099434724659,text,0.6546099434724659
text__fit,0.1839179983472142,text,0.1839179983472142
text__fitness,-0.5300482059916648,text,0.5300482059916648
text__fits,1.045895017265487,text,1.045895017265487
text__flag,-0.26229918389749746,text,0.26229918389749746
text__flash,0.026225164072344122,text,0.026225164072344122
text__flat,0.40234960004864173,text,0.40234960004864173
text__flavor,-0.3142804718230667,text,0.3142804718230667
text__flight,0.0028982607363359663,text,0.0028982607363359663
text__flip,0.15147878786943111,text,0.15147878786943111
text__floating,0.3871715216853401,text,0.3871715216853401
text__floor,-0.09153110797516349,text,0.09153110797516349
text__florida,-1.041406710232649,text,1.041406710232649
text__flow,-0.38321160250729425,text,0.38321160250729425
text__flower,-0.20444331668009325,text,0.20444331668009325
text__flowers,0.062055630636291076,text,0.062055630636291076
text__fly,0.26619627496743437,text,0.26619627496743437
text__flying,0.07163037337190237,text,0.07163037337190237
text__focus,0.4852638415133953,text,0.4852638415133953
text__folk,0.2689934345964374,text,0.2689934345964374
text__follow,0.22323407895179428,text,0.22323407895179428
text__food,0.2610957565997016,text,0.2610957565997016
text__foods,0.3505647804173029,text,0.3505647804173029
text__foot,0.17780695620038217,text,0.17780695620038217
text__football,-0.8149116833749458,text,0.8149116833749458
text__footwear,0.4532296579181006,text,0.4532296579181006
text__force,0.19747939035539389,text,0.19747939035539389
text__forest,0.5667738356718998,text,0.5667738356718998
text__forever,-0.08825465885925615,text,0.08825465885925615
text__forge,0.5172967498298385,text,0.5172967498298385
text__forget,-0.3256958838190695,text,0.3256958838190695
text__forgotten,-0.3114264635884991,text,0.3114264635884991
text__form,0.2961044909464196,text,0.2961044909464196
text__forward,-0.1767971163042974,text,0.1767971163042974
text__foundation,-0.15606543049982502,text,0.15606543049982502
text__fox,0.6358768505837109,text,0.6358768505837109
text__frame,0.14981334046950293,text,0.14981334046950293
text__frames,-0.48861044636622475,text,0.48861044636622475
text__france,0.2520414789686275,text,0.2520414789686275
text__francisco,1.4961341259419894,text,1.4961341259419894
text__frank,0.6305007864172205,text,0.6305007864172205
text__free,-0.02914608934885298,text,0.02914608934885298
text__freedom,-0.7006473665694092,text,0.7006473665694092
text__french,0.237572633714421,text,0.237572633714421
text__fresh,0.5541837191040541,text,0.5541837191040541
text__friday,0.3203966880960269,text,0.3203966880960269
text__fried,-1.2486955047897044,text,1.2486955047897044
text__friend,0.15237143006175932,text,0.15237143006175932
text__friendly,0.29366015459810696,text,0.29366015459810696
text__friends,-0.16608232092196515,text,0.16608232092196515
text__fringe,1.0572062262502184,text,1.0572062262502184
text__frontier,0.600214577929983,text,0.600214577929983
text__frozen,-0.2145107906794986,text,0.2145107906794986
text__fruit,-0.5046640611641066,text,0.5046640611641066
text__ft,0.6746019375307488,text,0.6746019375307488
text__fudge,0.21994502682012596,text,0.21994502682012596
text__fuel,0.4263429925101482,text,0.4263429925101482
text__fully,-0.046060239654454466,text,0.046060239654454466
text__fun,-0.5414963739700412,text,0.5414963739700412
text__functional,0.322975743777054,text,0.322975743777054
text__fund,-0.28996932736041664,text,0.28996932736041664
text__funding,-0.6294162126788426,text,0.6294162126788426
text__fundraiser,0.4648215618683447,text,0.4648215618683447
text__funds,-0.09061364761026212,text,0.09061364761026212
text__funk,0.034156982049451425,text,0.034156982049451425
text__funny,-0.15284854127478822,text,0.15284854127478822
text__furniture,-0.7413727779179642,text,0.7413727779179642
text__fusion,-0.41708736692836273,text,0.41708736692836273
text__future,0.3930238428582414,text,0.3930238428582414
text__galaxy,0.129084190684442,text,0.129084190684442
text__gallery,0.11069516741227796,text,0.11069516741227796
text__game,-0.4163157855601203,text,0.4163157855601203
text__gamer,-0.22877966676184333,text,0.22877966676184333
text__gamers,0.03726249690142208,text,0.03726249690142208
text__games,-0.10881150908289762,text,0.10881150908289762
text__gaming,-0.506062314873431,text,0.506062314873431
text__gang,-0.6982489416449792,text,0.6982489416449792
text__garage,-0.37454115129892573,text,0.37454115129892573
text__garden,0.41020751584773196,text,0.41020751584773196
text__gardens,-0.09090780823327554,text,0.09090780823327554
text__gate,-0.10637386797275505,text,0.10637386797275505
text__gathering,0.21434125161772935,text,0.21434125161772935
text__gay,0.5138632624683279,text,0.5138632624683279
text__gbs,1.779574747342353,text,1.779574747342353
text__gear,-0.35077279946389855,text,0.35077279946389855
text__geek,-0.1681088224007139,text,0.1681088224007139
text__gen,0.7490028204483303,text,0.7490028204483303
text__gender,0.8232318475108382,text,0.8232318475108382
text__generation,0.2808848290961211,text,0.2808848290961211
text__generator,-0.5170041686717782,text,0.5170041686717782
text__genesis,-0.38802724883061696,text,0.38802724883061696
text__genius,0.7553638133796291,text,0.7553638133796291
text__george,-0.06396276507394909,text,0.06396276507394909
text__gets,0.34918555469901114,text,0.34918555469901114
text__getting,-0.02816530055866828,text,0.02816530055866828
text__ghost,0.3339806802239805,text,0.3339806802239805
text__ghosts,0.3174843745007481,text,0.3174843745007481
text__giant,0.17455357570727445,text,0.17455357570727445
text__gift,-0.33539259837088453,text,0.33539259837088453
text__gifts,-0.8555788530772152,text,0.8555788530772152
text__girl,0.6198252144533916,text,0.6198252144533916
text__girls,0.9165774695153479,text,0.9165774695153479
text__giving,-0.334683696903197,text,0.334683696903197
text__glass,-0.028198737591064064,text,0.028198737591064064
text__glasses,-0.19849490560526473,text,0.19849490560526473
text__global,0.07455435983132672,text,0.07455435983132672
text__glory,0.37928574376707247,text,0.37928574376707247
text__glow,0.27118065569910244,text,0.27118065569910244
text__gluten,0.024216461480796786,text,0.024216461480796786
text__goal,0.6764952191891936,text,0.6764952191891936
text__goat,0.3819111275159276,text,0.3819111275159276
text__god,-0.30311537783797976,text,0.30311537783797976
text__gods,0.09239324933038591,text,0.09239324933038591
text__goes,0.8947551604239101,text,0.8947551604239101
text__going,0.2821919579652159,text,0.2821919579652159
text__gold,0.40804607220952477,text,0.40804607220952477
text__golden,0.4633027941070095,text,0.4633027941070095
text__golf,-1.2994779295933487,text,1.2994779295933487
text__gone,-0.06704112127319933,text,0.06704112127319933
text__good,0.43783920696088335,text,0.43783920696088335
text__goodbye,0.6347465824206621,text,0.6347465824206621
text__goods,0.39675689045538476,text,0.39675689045538476
text__gopro,0.10637969716155218,text,0.10637969716155218
text__gospel,-0.7817215673882921,text,0.7817215673882921
text__got,0.06876966316226699,text,0.06876966316226699
text__gourmet,-0.8892534682755548,text,0.8892534682755548
text__gps,0.7336423843840554,text,0.7336423843840554
text__grace,0.7313212781017433,text,0.7313212781017433
text__grade,0.3714799835893975,text,0.3714799835893975
text__graduate,1.3160275887251476,text,1.3160275887251476
text__graffiti,-0.15959431961601864,text,0.15959431961601864
text__grain,0.7195143374372894,text,0.7195143374372894
text__grand,0.016398045598031777,text,0.016398045598031777
text__grandma,-0.765649277495186,text,0.765649277495186
text__graphic,-0.30363452321165707,text,0.30363452321165707
text__grass,-0.24773812882130444,text,0.24773812882130444
text__gravity,0.05531123468552145,text,0.05531123468552145
text__gray,0.2919844416265546,text,0.2919844416265546
text__great,-0.23300576670185058,text,0.23300576670185058
text__greatest,-0.6320699224564834,text,0.6320699224564834
text__green,-0.18979014502557612,text,0.18979014502557612
text__greenhouse,-0.18216744386550354,text,0.18216744386550354
text__greeting,-0.3789030076598882,text,0.3789030076598882
text__grey,0.3235916025638005,text,0.3235916025638005
text__grid,0.19496851487906156,text,0.19496851487906156
text__grill,-0.15136187534658505,text,0.15136187534658505
text__grip,-0.4784917475958962,text,0.4784917475958962
text__ground,0.5652824381061172,text,0.5652824381061172
text__group,-0.2691422305912669,text,0.2691422305912669
text__grow,0.9736803251069781,text,0.9736803251069781
text__growing,0.5725964114735116,text,0.5725964114735116
text__grown,0.7710603542926955,text,0.7710603542926955
text__growth,-0.43337004853351924,text,0.43337004853351924
text__guard,-0.1345324867004102,text,0.1345324867004102
text__guardian,-0.36836681033823193,text,0.36836681033823193
text__guide,0.2816270199260652,text,0.2816270199260652
text__guitar,-0.43681505016965566,text,0.43681505016965566
text__guitars,-0.557313537226952,text,0.557313537226952
text__gun,-0.13401727619773685,text,0.13401727619773685
text__guns,0.6820168657767346,text,0.6820168657767346
text__guy,-0.042566616128770295,text,0.042566616128770295
text__guys,-0.35997273050466116,text,0.35997273050466116
text__gym,-0.5398723801114566,text,0.5398723801114566
text__gypsy,-0.4834296610412699,text,0.4834296610412699
text__hair,-0.7030069766777055,text,0.7030069766777055
text__haiti,0.5273995768007941,text,0.5273995768007941
text__half,1.0300230361820324,text,1.0300230361820324
text__hall,0.749482090868168,text,0.749482090868168
text__halloween,-0.26510640360948484,text,0.26510640360948484
text__hand,0.20310037446461654,text,0.20310037446461654
text__handbags,0.36990401240919263,text,0.36990401240919263
text__handbook,0.37765677022379024,text,0.37765677022379024
text__handcrafted,0.9908511981910544,text,0.9908511981910544
text__handle,-0.7156295013448077,text,0.7156295013448077
text__handmade,0.2345259803579525,text,0.2345259803579525
text__hands,-0.10357043869469355,text,0.10357043869469355
text__happen,0.07651205791069886,text,0.07651205791069886
text__happiness,0.16762737075100279,text,0.16762737075100279
text__happy,0.2964379821278527,text,0.2964379821278527
text__hard,0.42714340490291763,text,0.42714340490291763
text__hardcover,1.3648727981816897,text,1.3648727981816897
text__harmony,-0.3757846593760409,text,0.3757846593760409
text__harvest,0.24944331656777993,text,0.24944331656777993
text__hat,0.3729509737543563,text,0.3729509737543563
text__hate,0.2385791289711101,text,0.2385791289711101
text__hats,0.006436658689752899,text,0.006436658689752899
text__haunted,-1.0890120299769481,text,1.0890120299769481
text__hawaii,0.0898057414006808,text,0.0898057414006808
text__hd,0.103165119421579,text,0.103165119421579
text__head,0.06156120096489069,text,0.06156120096489069
text__headphones,1.1065550677175504,text,1.1065550677175504
text__heads,0.23532712794219907,text,0.23532712794219907
text__healing,-0.331475437822641,text,0.331475437822641
text__health,-0.2073065460745489,text,0.2073065460745489
text__healthy,-0.7696491469289213,text,0.7696491469289213
text__hear,-0.0028357264695197297,text,0.0028357264695197297
text__heard,0.16852512718305734,text,0.16852512718305734
text__heart,0.1319349962565282,text,0.1319349962565282
text__hearts,0.1443911756008525,text,0.1443911756008525
text__heat,-0.30020617720787635,text,0.30020617720787635
text__heaven,-0.21218386531148317,text,0.21218386531148317
text__heavy,0.3921040209053573,text,0.3921040209053573
text__hell,-0.32409508572602996,text,0.32409508572602996
text__hello,1.0305394800086631,text,1.0305394800086631
text__helmet,-0.15467408856263504,text,0.15467408856263504
text__help,-0.10572355117118697,text,0.10572355117118697
text__helping,-1.0168105424117022,text,1.0168105424117022
text__hemp,-0.013649433791455164,text,0.013649433791455164
text__henry,0.20863349247782076,text,0.20863349247782076
text__heritage,0.11535899977727779,text,0.11535899977727779
text__hero,0.006092223567172725,text,0.006092223567172725
text__heroes,0.13405772699517046,text,0.13405772699517046
text__hey,0.1288366759189094,text,0.1288366759189094
text__hi,-0.24019188654268783,text,0.24019188654268783
text__hidden,0.10129788897087735,text,0.10129788897087735
text__high,-0.013524924959797659,text,0.013524924959797659
text__highway,0.4099196173476592,text,0.4099196173476592
text__hill,0.5765500437296699,text,0.5765500437296699
text__hip,-0.7246003187580081,text,0.7246003187580081
text__historic,-0.712110174595794,text,0.712110174595794
text__historical,0.09052304174768695,text,0.09052304174768695
text__history,0.49287917006548754,text,0.49287917006548754
text__hit,0.21041138524478792,text,0.21041138524478792
text__hits,0.3045120428439636,text,0.3045120428439636
text__hockey,-0.37881677421157883,text,0.37881677421157883
text__hold,0.41314801551449004,text,0.41314801551449004
text__holder,-0.5323774774536896,text,0.5323774774536896
text__hole,0.7391648387712236,text,0.7391648387712236
text__holiday,0.02259025943957362,text,0.02259025943957362
text__hollow,0.7474899453269269,text,0.7474899453269269
text__hollywood,-0.46034336934740466,text,0.46034336934740466
text__holy,-0.30865904165736713,text,0.30865904165736713
text__home,0.29292026552820544,text,0.29292026552820544
text__homeless,-0.42874312951072957,text,0.42874312951072957
text__homemade,-1.3948128355044147,text,1.3948128355044147
text__honey,0.3777023271803719,text,0.3777023271803719
text__honor,-0.008071193888369186,text,0.008071193888369186
text__hood,-0.1639037326428154,text,0.1639037326428154
text__hook,0.3717583810403416,text,0.3717583810403416
text__hop,0.280177824222678,text,0.280177824222678
text__hope,0.191476539251395,text,0.191476539251395
text__horror,0.15611541626597672,text,0.15611541626597672
text__horse,0.3122340277509246,text,0.3122340277509246
text__horses,0.5498987464674492,text,0.5498987464674492
text__hot,0.2695314928383639,text,0.2695314928383639
text__hotel,0.05609000808569026,text,0.05609000808569026
text__hour,0.4026266840951646,text,0.4026266840951646
text__hours,0.6230010196626574,text,0.6230010196626574
text__house,-0.035995718786146186,text,0.035995718786146186
text__houston,-0.03451042217757299,text,0.03451042217757299
text__hub,0.2313420688534824,text,0.2313420688534824
text__human,0.22259060322431723,text,0.22259060322431723
text__humanity,-0.13044026158668703,text,0.13044026158668703
text__humans,0.39200466675372936,text,0.39200466675372936
text__hungry,0.473106238854838,text,0.473106238854838
text__hunt,-0.12066926424860465,text,0.12066926424860465
text__hunter,0.22147582326088722,text,0.22147582326088722
text__hunters,0.19352889583312632,text,0.19352889583312632
text__hunting,-0.322716155801891,text,0.322716155801891
text__hybrid,0.2712424857447836,text,0.2712424857447836
text__ice,0.2064448971833648,text,0.2064448971833648
text__iceland,1.3972089220850359,text,1.3972089220850359
text__idea,0.044112510148007496,text,0.044112510148007496
text__ideas,0.5825212218092388,text,0.5825212218092388
text__identity,0.7946806039936021,text,0.7946806039936021
text__ii,0.7222460695252669,text,0.7222460695252669
text__iii,0.2462483224831358,text,0.2462483224831358
text__illustrated,0.6454724279201298,text,0.6454724279201298
text__illustration,0.11559411188271035,text,0.11559411188271035
text__illustrations,0.05155388125450255,text,0.05155388125450255
text__image,-0.3533970660229731,text,0.3533970660229731
text__images,-0.941798261314678,text,0.941798261314678
text__imagination,-0.5173239608219643,text,0.5173239608219643
text__imagine,-0.11061169183083235,text,0.11061169183083235
text__impact,0.6055630100810702,text,0.6055630100810702
text__inch,0.3223486731190468,text,0.3223486731190468
text__incredible,0.6757133376061359,text,0.6757133376061359
text__independent,-0.2669721600539127,text,0.2669721600539127
text__india,0.18682231208907876,text,0.18682231208907876
text__indian,0.14673880732503447,text,0.14673880732503447
text__indie,-0.3741085487231591,text,0.3741085487231591
text__indoor,-0.6915410438286174,text,0.6915410438286174
text__industrial,0.3069046597275946,text,0.3069046597275946
text__industry,0.2278253529963931,text,0.2278253529963931
text__infinite,0.4642939802556367,text,0.4642939802556367
text__infinity,0.1416270496876194,text,0.1416270496876194
text__initiative,-0.11502616499546284,text,0.11502616499546284
text__ink,0.2069149413902335,text,0.2069149413902335
text__inner,0.4813507551803012,text,0.4813507551803012
text__innovation,-0.11139300048498606,text,0.11139300048498606
text__innovative,-0.3435107040057147,text,0.3435107040057147
text__inside,0.23210351907812207,text,0.23210351907812207
text__inspiration,-0.25955438635385153,text,0.25955438635385153
text__inspirational,-0.4247823312507351,text,0.4247823312507351
text__inspire,-0.23461973533482922,text,0.23461973533482922
text__inspired,0.6096795820269778,text,0.6096795820269778
text__inspiring,-0.07364505870278337,text,0.07364505870278337
text__installation,1.447772052012976,text,1.447772052012976
text__instant,-0.35267333563899467,text,0.35267333563899467
text__intelligent,0.7192805208443509,text,0.7192805208443509
text__interactive,-0.1363602648053524,text,0.1363602648053524
text__interchangeable,0.06424900149520599,text,0.06424900149520599
text__international,-0.2575195501090433,text,0.2575195501090433
text__internet,-0.09995185798326375,text,0.09995185798326375
text__introducing,0.07784136651949225,text,0.07784136651949225
text__invasion,0.21199825709834313,text,0.21199825709834313
text__invisible,0.8038851392268976,text,0.8038851392268976
text__ios,0.04493308619343437,text,0.04493308619343437
text__iot,0.7459361075685256,text,0.7459361075685256
text__ipad,0.33976691524925967,text,0.33976691524925967
text__iphone,0.07228604575456662,text,0.07228604575456662
text__ireland,0.12210103843142238,text,0.12210103843142238
text__irish,0.2280124075800311,text,0.2280124075800311
text__iron,0.7423908457058258,text,0.7423908457058258
text__island,0.2751208520219292,text,0.2751208520219292
text__issue,0.9232435525674831,text,0.9232435525674831
text__issues,-0.04823809697038864,text,0.04823809697038864
text__italian,-0.35876585166580205,text,0.35876585166580205
text__italy,-0.4724990378382001,text,0.4724990378382001
text__jack,0.43646057445929337,text,0.43646057445929337
text__jacket,0.9422787900331533,text,0.9422787900331533
text__jackson,0.009947741182387082,text,0.009947741182387082
text__jam,-0.1499530088123991,text,0.1499530088123991
text__james,0.49526627072799134,text,0.49526627072799134
text__jane,1.0861277320674987,text,1.0861277320674987
text__japan,0.554154482741429,text,0.554154482741429
text__japanese,1.0691163888429063,text,1.0691163888429063
text__jar,0.296494493582451,text,0.296494493582451
text__jason,0.6293268414673168,text,0.6293268414673168
text__jay,0.5077760462598611,text,0.5077760462598611
text__jazz,-0.3813635598503928,text,0.3813635598503928
text__jeans,1.1650914031315998,text,1.1650914031315998
text__jeff,0.3440671621839331,text,0.3440671621839331
text__jerky,0.3593835157519332,text,0.3593835157519332
text__jersey,0.285191671341762,text,0.285191671341762
text__jesus,-0.5181547180111725,text,0.5181547180111725
text__jewellery,-0.10323352398392197,text,0.10323352398392197
text__jewelry,0.15748702419081728,text,0.15748702419081728
text__jim,0.7775622037780144,text,0.7775622037780144
text__job,0.08353565896844878,text,0.08353565896844878
text__jobs,-0.13453017057793687,text,0.13453017057793687
text__joe,0.4585298521719672,text,0.4585298521719672
text__john,0.3881925594291073,text,0.3881925594291073
text__johnny,-0.2880888091880154,text,0.2880888091880154
text__johnson,-0.04575986355629155,text,0.04575986355629155
text__join,-0.024430322920794174,text,0.024430322920794174
text__jon,0.639719398793797,text,0.639719398793797
text__jones,-0.05379697884983626,text,0.05379697884983626
text__jordan,-0.09481048577192178,text,0.09481048577192178
text__josh,0.5657668496022404,text,0.5657668496022404
text__joshua,0.23783720920511445,text,0.23783720920511445
text__journal,0.6280576835306761,text,0.6280576835306761
text__journey,-0.2398662994746927,text,0.2398662994746927
text__joy,0.35458373620478423,text,0.35458373620478423
text__jr,0.12511572907031696,text,0.12511572907031696
text__juice,0.1534550306927583,text,0.1534550306927583
text__july,0.34624467419748717,text,0.34624467419748717
text__jump,0.10661129633773153,text,0.10661129633773153
text__june,0.6272592720635625,text,0.6272592720635625
text__jungle,0.6996421697275673,text,0.6996421697275673
text__just,-0.3343140750014866,text,0.3343140750014866
text__justice,0.048410713032153156,text,0.048410713032153156
text__justin,0.057879369014449865,text,0.057879369014449865
text__karma,-0.4502273003779141,text,0.4502273003779141
text__katie,1.1872299927979089,text,1.1872299927979089
text__keeping,-0.5585481880700791,text,0.5585481880700791
text__kelly,0.5101016589545402,text,0.5101016589545402
text__kevin,0.45159071812415014,text,0.45159071812415014
text__key,0.5559545333956021,text,0.5559545333956021
text__keyboard,0.4739876217369888,text,0.4739876217369888
text__keychain,1.34967915406487,text,1.34967915406487
text__keys,0.4077723762679537,text,0.4077723762679537
text__kick,0.5444721230504206,text,0.5444721230504206
text__kickstart,-0.05414824285135152,text,0.05414824285135152
text__kickstarter,0.7985447825431655,text,0.7985447825431655
text__kid,-0.05406537908459662,text,0.05406537908459662
text__kids,-0.06246086655665382,text,0.06246086655665382
text__kill,0.7055372780780634,text,0.7055372780780634
text__killer,-0.28836880744793175,text,0.28836880744793175
text__killing,-0.3812510598044339,text,0.3812510598044339
text__kind,0.04167299204022338,text,0.04167299204022338
text__king,0.13467692462174985,text,0.13467692462174985
text__kingdom,0.19383884905922238,text,0.19383884905922238
text__kings,-0.170376896786255,text,0.170376896786255
text__kiss,-0.07933538528638438,text,0.07933538528638438
text__kit,0.46391475297085366,text,0.46391475297085366
text__kitchen,0.5735629204452849,text,0.5735629204452849
text__kits,0.22346039046423868,text,0.22346039046423868
text__kitty,-0.029459220196162567,text,0.029459220196162567
text__knife,0.7112041918181762,text,0.7112041918181762
text__knight,-0.2581745088625309,text,0.2581745088625309
text__knights,0.04733759486034408,text,0.04733759486034408
text__know,-0.10088968436349467,text,0.10088968436349467
text__knowledge,0.06350948073818455,text,0.06350948073818455
text__kyle,0.19596411273262346,text,0.19596411273262346
text__la,0.34707155448689164,text,0.34707155448689164
text__lab,0.39334246956971136,text,0.39334246956971136
text__label,-0.7714938033100776,text,0.7714938033100776
text__ladies,0.32035076576801574,text,0.32035076576801574
text__lady,0.3495325721239973,text,0.3495325721239973
text__lake,-0.07313599670027977,text,0.07313599670027977
text__lamp,0.53205899225155,text,0.53205899225155
text__land,0.22025549884260245,text,0.22025549884260245
text__landscape,0.7554733101677288,text,0.7554733101677288
text__landscapes,0.39352811181286546,text,0.39352811181286546
text__lane,0.02803901040618065,text,0.02803901040618065
text__language,0.15907299514267514,text,0.15907299514267514
text__laptop,0.28210960216251196,text,0.28210960216251196
text__large,0.17724366830919192,text,0.17724366830919192
text__las,-0.5405076502748258,text,0.5405076502748258
text__laser,0.16113641088089756,text,0.16113641088089756
text__late,-0.1630695466537627,text,0.1630695466537627
text__latin,-0.7219037391696557,text,0.7219037391696557
text__launch,0.188912695213756,text,0.188912695213756
text__launching,-0.42199085980595125,text,0.42199085980595125
text__law,-0.2289639756455496,text,0.2289639756455496
text__le,0.47480377001419144,text,0.47480377001419144
text__leaf,0.16997484976270397,text,0.16997484976270397
text__league,-0.44970162344472736,text,0.44970162344472736
text__learn,0.6540556372052205,text,0.6540556372052205
text__learning,-0.15028719743965369,text,0.15028719743965369
text__leather,0.5803851848417976,text,0.5803851848417976
text__leave,-0.12406601388297515,text,0.12406601388297515
text__led,-0.3302489197864739,text,0.3302489197864739
text__lee,0.12222824684383636,text,0.12222824684383636
text__left,-0.01507136089744546,text,0.01507136089744546
text__legacy,-0.22423330264566999,text,0.22423330264566999
text__legend,0.0551231910721395,text,0.0551231910721395
text__legendary,0.4830778131410595,text,0.4830778131410595
text__legends,-0.08332485284018354,text,0.08332485284018354
text__lego,0.2676646073389168,text,0.2676646073389168
text__length,0.9091416322579913,text,0.9091416322579913
text__lens,0.645992571992483,text,0.645992571992483
text__les,0.46036307489413125,text,0.46036307489413125
text__lessons,-0.405836191272489,text,0.405836191272489
text__let,0.3283141164406206,text,0.3283141164406206
text__lets,-0.8986355902214044,text,0.8986355902214044
text__letter,0.16131642256974188,text,0.16131642256974188
text__letterpress,1.3759554606647382,text,1.3759554606647382
text__letters,0.22129647590726936,text,0.22129647590726936
text__level,0.2060274381255633,text,0.2060274381255633
text__lgbt,0.13155958909204635,text,0.13155958909204635
text__liberty,-0.1507705344678808,text,0.1507705344678808
text__library,1.000878274633334,text,1.000878274633334
text__lies,-0.05506901132346522,text,0.05506901132346522
text__life,-0.5005139082218608,text,0.5005139082218608
text__lifestyle,-0.02508721126981082,text,0.02508721126981082
text__lifetime,0.08059916706973275,text,0.08059916706973275
text__lift,-0.16159639995197722,text,0.16159639995197722
text__light,0.3565815787057766,text,0.3565815787057766
text__lighting,-0.08340443110541639,text,0.08340443110541639
text__lightning,0.6201611627910617,text,0.6201611627910617
text__lights,-0.024045532500744624,text,0.024045532500744624
text__like,0.6420120090153172,text,0.6420120090153172
text__lil,0.2956887157650722,text,0.2956887157650722
text__limited,-0.0779204078008091,text,0.0779204078008091
text__line,-0.1938155921060764,text,0.1938155921060764
text__lines,0.1951849730265533,text,0.1951849730265533
text__lingerie,0.6071397438669073,text,0.6071397438669073
text__link,-0.3263952262170898,text,0.3263952262170898
text__linux,0.8580700481640289,text,0.8580700481640289
text__lion,0.25816503072806035,text,0.25816503072806035
text__liquid,-0.06301522739353183,text,0.06301522739353183
text__list,-0.19252151337440473,text,0.19252151337440473
text__listen,0.27846390224882817,text,0.27846390224882817
text__literary,0.6270405400762427,text,0.6270405400762427
text__little,0.501276146732451,text,0.501276146732451
text__live,0.0389261369617578,text,0.0389261369617578
text__lives,0.09278669200695625,text,0.09278669200695625
text__living,0.019005046809917922,text,0.019005046809917922
text__ll,0.5370621263085216,text,0.5370621263085216
text__llc,-1.1296971744923785,text,1.1296971744923785
text__local,0.15477200876087133,text,0.15477200876087133
text__location,-0.40590929873923115,text,0.40590929873923115
text__lock,0.33083696200049983,text,0.33083696200049983
text__london,0.545987809846904,text,0.545987809846904
text__lonely,0.0057102634569914604,text,0.0057102634569914604
text__long,0.24744835908454307,text,0.24744835908454307
text__look,-0.1632830578939346,text,0.1632830578939346
text__looking,-0.30185648947774063,text,0.30185648947774063
text__loop,0.6093150751563494,text,0.6093150751563494
text__lord,0.07375404410151779,text,0.07375404410151779
text__los,0.572058944671996,text,0.572058944671996
text__lose,0.3477485418352915,text,0.3477485418352915
text__loss,0.3155818981192736,text,0.3155818981192736
text__lost,0.30404177438013763,text,0.30404177438013763
text__loud,0.40564528139679934,text,0.40564528139679934
text__louis,-0.882980289657876,text,0.882980289657876
text__lounge,-0.2132424427083169,text,0.2132424427083169
text__love,-0.06505453507578922,text,0.06505453507578922
text__lovecraft,1.8480526494097353,text,1.8480526494097353
text__loved,-0.13767331317105125,text,0.13767331317105125
text__lovers,0.26740641562174955,text,0.26740641562174955
text__loves,-0.08373958635090023,text,0.08373958635090023
text__loving,-0.4493686172163782,text,0.4493686172163782
text__low,0.3193767910296739,text,0.3193767910296739
text__lp,0.4697061433234856,text,0.4697061433234856
text__lucky,0.1662269111926799,text,0.1662269111926799
text__luna,0.261892581417578,text,0.261892581417578
text__lunch,-0.009562122763471211,text,0.009562122763471211
text__luxury,0.36935232927600264,text,0.36935232927600264
text__ma,0.8605771602221122,text,0.8605771602221122
text__mac,0.5507276732002431,text,0.5507276732002431
text__machine,0.5872122778879663,text,0.5872122778879663
text__mad,-0.16999318703415722,text,0.16999318703415722
text__madness,-0.16194214527361253,text,0.16194214527361253
text__magazine,0.3065992505399858,text,0.3065992505399858
text__magic,-0.03493871768517225,text,0.03493871768517225
text__magical,0.6906856242485166,text,0.6906856242485166
text__magnetic,0.9705033278337903,text,0.9705033278337903
text__maine,0.4925867903588199,text,0.4925867903588199
text__major,0.20767805989080157,text,0.20767805989080157
text__make,0.669746933068764,text,0.669746933068764
text__maker,0.7333753371862529,text,0.7333753371862529
text__makers,0.6593050975725471,text,0.6593050975725471
text__makes,1.3672966735627636,text,1.3672966735627636
text__making,0.40263323710287935,text,0.40263323710287935
text__mama,0.42635771707924847,text,0.42635771707924847
text__man,-0.15016953083068024,text,0.15016953083068024
text__management,-0.4642737268997114,text,0.4642737268997114
text__manga,-1.4191213258106044,text,1.4191213258106044
text__manual,1.0266904268278063,text,1.0266904268278063
text__map,0.5514348080469307,text,0.5514348080469307
text__maps,0.6620718174021677,text,0.6620718174021677
text__march,0.3876679513435979,text,0.3876679513435979
text__marie,0.07065187993700771,text,0.07065187993700771
text__mark,0.7576362732136561,text,0.7576362732136561
text__market,0.4000799030117105,text,0.4000799030117105
text__marketing,-1.161832594468167,text,1.161832594468167
text__mars,0.05711315116659787,text,0.05711315116659787
text__martial,-0.97231116756719,text,0.97231116756719
text__martin,0.5565838941371111,text,0.5565838941371111
text__mary,-0.24556565990172133,text,0.24556565990172133
text__mask,0.375644198252649,text,0.375644198252649
text__mason,0.8434689832156074,text,0.8434689832156074
text__mass,0.8108593429778699,text,0.8108593429778699
text__master,0.18075954956196152,text,0.18075954956196152
text__mastering,0.6588612940565007,text,0.6588612940565007
text__masters,0.6129317336899279,text,0.6129317336899279
text__mat,0.37223282251421036,text,0.37223282251421036
text__match,0.28231364830188727,text,0.28231364830188727
text__math,-0.12455275644306553,text,0.12455275644306553
text__matt,0.7375521861383758,text,0.7375521861383758
text__matter,0.4712278528376008,text,0.4712278528376008
text__matters,0.3676059667543461,text,0.3676059667543461
text__matthew,0.4363530676543166,text,0.4363530676543166
text__max,0.35974849287403887,text,0.35974849287403887
text__maze,-0.2298391780027068,text,0.2298391780027068
text__meat,0.9475508115573645,text,0.9475508115573645
text__mechanical,1.4577490330530987,text,1.4577490330530987
text__media,-0.5489408139983583,text,0.5489408139983583
text__medical,-0.8246949379006916,text,0.8246949379006916
text__medicine,0.007306038545437282,text,0.007306038545437282
text__medieval,-0.054395773996881926,text,0.054395773996881926
text__meditation,0.1919244295131785,text,0.1919244295131785
text__meet,0.46295224181908096,text,0.46295224181908096
text__meets,0.6936961423285617,text,0.6936961423285617
text__memoir,0.7173882113592152,text,0.7173882113592152
text__memoirs,-0.32485721026029923,text,0.32485721026029923
text__memorial,-0.5227573110919806,text,0.5227573110919806
text__memories,-0.0565999871503885,text,0.0565999871503885
text__memory,-0.019322685535751342,text,0.019322685535751342
text__men,0.18701179204150883,text,0.18701179204150883
text__mental,-0.09562978196458381,text,0.09562978196458381
text__merch,-0.5460990935617553,text,0.5460990935617553
text__merchandise,-0.009213961846034836,text,0.009213961846034836
text__mermaid,0.14286472872208858,text,0.14286472872208858
text__message,-0.5603774946946164,text,0.5603774946946164
text__messenger,0.3970906030942694,text,0.3970906030942694
text__metal,-0.21689163714346235,text,0.21689163714346235
text__mexican,0.07834960532206907,text,0.07834960532206907
text__mexico,0.41822882126982114,text,0.41822882126982114
text__mi,0.06662993468528904,text,0.06662993468528904
text__miami,-0.4292320871561974,text,0.4292320871561974
text__michael,0.22399867507014098,text,0.22399867507014098
text__michigan,-0.02763206122695744,text,0.02763206122695744
text__micro,0.669028775646166,text,0.669028775646166
text__middle,0.08763079844478051,text,0.08763079844478051
text__midnight,0.3028792026987003,text,0.3028792026987003
text__midwest,-0.1894342034243926,text,0.1894342034243926
text__mighty,0.8346339941438528,text,0.8346339941438528
text__mike,0.5100370209783374,text,0.5100370209783374
text__mile,0.24993558419998194,text,0.24993558419998194
text__miles,-0.013688842087546681,text,0.013688842087546681
text__military,-0.468846013390711,text,0.468846013390711
text__milk,0.19810525914770774,text,0.19810525914770774
text__million,-0.03593731094905392,text,0.03593731094905392
text__mind,-0.4936986335355805,text,0.4936986335355805
text__minds,-0.3299049973442487,text,0.3299049973442487
text__minecraft,-0.5124551364039592,text,0.5124551364039592
text__mini,0.464058265601093,text,0.464058265601093
text__miniature,1.0100460038702759,text,1.0100460038702759
text__miniatures,1.9065936680441384,text,1.9065936680441384
text__minimal,1.0252984777119334,text,1.0252984777119334
text__minimalist,0.8284412813925618,text,0.8284412813925618
text__minute,0.1298553746493567,text,0.1298553746493567
text__minutes,0.4373197566402933,text,0.4373197566402933
text__miracle,-0.6268198226889126,text,0.6268198226889126
text__mirror,-0.10611767212433586,text,0.10611767212433586
text__miss,0.3848313222787042,text,0.3848313222787042
text__missing,0.6106832726683404,text,0.6106832726683404
text__mission,0.2792298001856291,text,0.2792298001856291
text__mix,0.16173644355740935,text,0.16173644355740935
text__mixed,0.39997765860183276,text,0.39997765860183276
text__mixtape,-0.22482458031107766,text,0.22482458031107766
text__mm,0.5211754239027764,text,0.5211754239027764
text__mmo,-0.06421153397010292,text,0.06421153397010292
text__mmorpg,-1.0824705676969009,text,1.0824705676969009
text__mobile,0.07003517253984141,text,0.07003517253984141
text__model,0.03242747306115439,text,0.03242747306115439
text__models,0.2758722255587546,text,0.2758722255587546
text__modern,0.0667802779749659,text,0.0667802779749659
text__modular,0.9119256642086977,text,0.9119256642086977
text__module,0.8582150123793829,text,0.8582150123793829
text__mom,-0.18499038772973103,text,0.18499038772973103
text__moment,0.002876028283055415,text,0.002876028283055415
text__moments,-0.5403071742673342,text,0.5403071742673342
text__money,-0.26966308015563384,text,0.26966308015563384
text__monitor,0.12044847459421622,text,0.12044847459421622
text__monkey,0.24487623159773309,text,0.24487623159773309
text__monster,0.31048730473490976,text,0.31048730473490976
text__monsters,0.4158110198069307,text,0.4158110198069307
text__month,-0.06237262269832006,text,0.06237262269832006
text__monthly,0.26752361915365647,text,0.26752361915365647
text__moon,0.5213475262750316,text,0.5213475262750316
text__morning,0.2953028396462984,text,0.2953028396462984
text__mosaic,0.051438716963431295,text,0.051438716963431295
text__mother,0.13439836425359178,text,0.13439836425359178
text__motion,0.27280831521250354,text,0.27280831521250354
text__motorcycle,-0.46904857856441873,text,0.46904857856441873
text__mount,-0.14284097423103986,text,0.14284097423103986
text__mountain,0.33614242006166456,text,0.33614242006166456
text__mountains,0.12120820563058309,text,0.12120820563058309
text__mouse,0.27550519491040887,text,0.27550519491040887
text__movement,-0.19348635750194204,text,0.19348635750194204
text__movie,-0.14767093110588594,text,0.14767093110588594
text__movies,-0.21837392735310446,text,0.21837392735310446
text__moving,0.5303683540854011,text,0.5303683540854011
text__mr,-0.016046972776585827,text,0.016046972776585827
text__mug,0.736934500002148,text,0.736934500002148
text__multi,0.4630559900709036,text,0.4630559900709036
text__multiplayer,-0.3265046537521017,text,0.3265046537521017
text__mural,0.72167172349263,text,0.72167172349263
text__murder,-0.21071763990871484,text,0.21071763990871484
text__muse,-0.02081172253966946,text,0.02081172253966946
text__museum,0.517931230089618,text,0.517931230089618
text__music,-0.3430151171372623,text,0.3430151171372623
text__musical,-0.08700780849487348,text,0.08700780849487348
text__musician,-0.46343671215992077,text,0.46343671215992077
text__musicians,-0.5208491458838055,text,0.5208491458838055
text__mystery,0.42265858460298994,text,0.42265858460298994
text__myth,0.3019766644829245,text,0.3019766644829245
text__naked,0.34151643902787693,text,0.34151643902787693
text__nano,0.11840140513654898,text,0.11840140513654898
text__narrative,0.767871109040808,text,0.767871109040808
text__nashville,-0.3066963055736159,text,0.3066963055736159
text__nation,-0.21480913053850428,text,0.21480913053850428
text__national,0.2668281934407409,text,0.2668281934407409
text__native,-0.2691623374801368,text,0.2691623374801368
text__natural,0.04826160567506029,text,0.04826160567506029
text__nature,0.08496360743220466,text,0.08496360743220466
text__nd,0.3999215974319678,text,0.3999215974319678
text__near,0.9240964703633795,text,0.9240964703633795
text__need,-0.3402282175077013,text,0.3402282175077013
text__needed,-0.6078309040924009,text,0.6078309040924009
text__needs,-0.054240734281291975,text,0.054240734281291975
text__neighborhood,0.8169528048061757,text,0.8169528048061757
text__neo,0.2500368356241964,text,0.2500368356241964
text__nerd,-0.4989703086156477,text,0.4989703086156477
text__net,-0.9167645863863365,text,0.9167645863863365
text__network,-0.7510981683088408,text,0.7510981683088408
text__new,0.9650960694905486,text,0.9650960694905486
text__newest,0.647514490404879,text,0.647514490404879
text__news,-0.9100054716640233,text,0.9100054716640233
text__nice,0.27335603434931105,text,0.27335603434931105
text__nick,0.04110525491152532,text,0.04110525491152532
text__night,0.1755618302143411,text,0.1755618302143411
text__nightmare,-0.2504564748767104,text,0.2504564748767104
text__nights,-0.26278993141814916,text,0.26278993141814916
text__ninja,0.1473456156027442,text,0.1473456156027442
text__noir,0.7747194087464133,text,0.7747194087464133
text__noise,0.3374532740221024,text,0.3374532740221024
text__nomad,0.3861699393969164,text,0.3861699393969164
text__non,0.12710414858306388,text,0.12710414858306388
text__north,0.7995339052135001,text,0.7995339052135001
text__northern,0.3841835452670344,text,0.3841835452670344
text__note,-0.15454128830984604,text,0.15454128830984604
text__notebook,1.2085925890820857,text,1.2085925890820857
text__notes,0.10353423778807448,text,0.10353423778807448
text__novel,0.4259698031280872,text,0.4259698031280872
text__novella,0.8028387120504373,text,0.8028387120504373
text__novels,-0.06731550133229394,text,0.06731550133229394
text__nudes,2.320901337792172,text,2.320901337792172
text__number,0.49907617398753507,text,0.49907617398753507
text__ny,0.35361614042732453,text,0.35361614042732453
text__nyc,0.7663813531638962,text,0.7663813531638962
text__oak,1.0714961956095523,text,1.0714961956095523
text__occupy,-0.4077400629374186,text,0.4077400629374186
text__ocean,0.6597701976975036,text,0.6597701976975036
text__odyssey,0.5536600690394716,text,0.5536600690394716
text__office,-0.03290363728994547,text,0.03290363728994547
text__official,0.3147493096731039,text,0.3147493096731039
text__oh,0.007730361721358536,text,0.007730361721358536
text__ohio,-0.12132333635357895,text,0.12132333635357895
text__oil,0.1702980504213076,text,0.1702980504213076
text__old,0.02263887643213387,text,0.02263887643213387
text__olive,0.518494466056504,text,0.518494466056504
text__ones,0.31613852084823996,text,0.31613852084823996
text__online,-0.40198163536680326,text,0.40198163536680326
text__op,0.2757372952621191,text,0.2757372952621191
text__open,0.4223262330464855,text,0.4223262330464855
text__opener,0.10966466322156382,text,0.10966466322156382
text__opening,0.22135607800949134,text,0.22135607800949134
text__opera,0.014952927468107837,text,0.014952927468107837
text__operation,-0.19153091713810663,text,0.19153091713810663
text__oracle,0.8569542613869455,text,0.8569542613869455
text__orange,0.23604200091708766,text,0.23604200091708766
text__orchestra,0.15136792348913627,text,0.15136792348913627
text__order,0.4729978922566083,text,0.4729978922566083
text__ordinary,-0.017838069524022768,text,0.017838069524022768
text__oregon,-0.3077777091346489,text,0.3077777091346489
text__org,-0.7653748610076104,text,0.7653748610076104
text__organic,-0.29159172265959715,text,0.29159172265959715
text__organizer,-0.23796899405019276,text,0.23796899405019276
text__origin,-0.721491287563782,text,0.721491287563782
text__original,-0.0006736601289248053,text,0.0006736601289248053
text__origins,0.33674400576802144,text,0.33674400576802144
text__orleans,1.0156525578902278,text,1.0156525578902278
text__os,0.7007912606260185,text,0.7007912606260185
text__outdoor,0.05152578187889719,text,0.05152578187889719
text__outside,0.33201188488060246,text,0.33201188488060246
text__oven,0.5534378574579629,text,0.5534378574579629
text__owl,0.2838428992488529,text,0.2838428992488529
text__oz,-0.1081003451451151,text,0.1081003451451151
text__pacific,-0.04265484063141932,text,0.04265484063141932
text__pack,0.6337100310033167,text,0.6337100310033167
text__pad,-0.1520072865066288,text,0.1520072865066288
text__page,-0.03141427357073247,text,0.03141427357073247
text__pain,0.12211203447015667,text,0.12211203447015667
text__paint,-0.7165874150840127,text,0.7165874150840127
text__painted,-0.42108687882824963,text,0.42108687882824963
text__painting,0.23117489840439495,text,0.23117489840439495
text__paintings,-0.03238978182231119,text,0.03238978182231119
text__paleo,0.30661814266674314,text,0.30661814266674314
text__pan,0.5805561317000256,text,0.5805561317000256
text__panda,0.518961010688391,text,0.518961010688391
text__pants,0.9320569967446171,text,0.9320569967446171
text__paper,0.7611887802713652,text,0.7611887802713652
text__paperback,-0.11723390538979868,text,0.11723390538979868
text__para,-0.1427108408038317,text,0.1427108408038317
text__parade,0.6749171186018978,text,0.6749171186018978
text__paradise,-0.024876609594372698,text,0.024876609594372698
text__paranormal,-1.6080970451502101,text,1.6080970451502101
text__parents,-0.17250212047021768,text,0.17250212047021768
text__paris,0.2886379021997497,text,0.2886379021997497
text__park,0.3442829896585105,text,0.3442829896585105
text__parks,-0.04959720011632078,text,0.04959720011632078
text__parody,-0.6704934960441279,text,0.6704934960441279
text__parts,0.8584767141698768,text,0.8584767141698768
text__party,-0.06510358327454732,text,0.06510358327454732
text__passion,-0.48067717002569843,text,0.48067717002569843
text__past,-0.304812535389336,text,0.304812535389336
text__pasta,0.3108036055577847,text,0.3108036055577847
text__patent,-1.106953395950745,text,1.106953395950745
text__path,-0.3925220123437083,text,0.3925220123437083
text__pathfinder,1.488918912628072,text,1.488918912628072
text__paul,0.35633379285131794,text,0.35633379285131794
text__pay,0.205600584565285,text,0.205600584565285
text__pc,0.34751099124862334,text,0.34751099124862334
text__peace,-0.31469075720834655,text,0.31469075720834655
text__pedal,1.2140811931548168,text,1.2140811931548168
text__pen,1.2776059405635818,text,1.2776059405635818
text__pencil,0.7515226493919839,text,0.7515226493919839
text__penny,0.7767548712816892,text,0.7767548712816892
text__pens,2.13922847713087,text,2.13922847713087
text__people,0.12424280824568462,text,0.12424280824568462
text__pepper,0.062493533094164326,text,0.062493533094164326
text__perfect,0.418077555330626,text,0.418077555330626
text__performance,0.7384420168544028,text,0.7384420168544028
text__performing,-0.2723849383382029,text,0.2723849383382029
text__person,0.3161909533275025,text,0.3161909533275025
text__personal,5.127070860475643e-05,text,5.127070860475643e-05
text__personalized,-0.9444464129383717,text,0.9444464129383717
text__perspective,-0.7256302139077339,text,0.7256302139077339
text__pet,-0.7537972866222374,text,0.7537972866222374
text__peter,0.932067202976733,text,0.932067202976733
text__pets,-0.21962663854829126,text,0.21962663854829126
text__phantom,-0.2311912708623041,text,0.2311912708623041
text__phase,0.031901798283292246,text,0.031901798283292246
text__philadelphia,0.20877949468421017,text,0.20877949468421017
text__phoenix,-0.09342994240650943,text,0.09342994240650943
text__phone,-0.2858813942880254,text,0.2858813942880254
text__photo,0.044040434778642217,text,0.044040434778642217
text__photobook,0.020476102845522752,text,0.020476102845522752
text__photographer,-0.25724471379054,text,0.25724471379054
text__photographic,0.016219163929171318,text,0.016219163929171318
text__photographs,0.9193551703823035,text,0.9193551703823035
text__photography,-0.42962008504972804,text,0.42962008504972804
text__photos,-0.19394500569875345,text,0.19394500569875345
text__physical,0.6774578849863042,text,0.6774578849863042
text__pi,0.35421643973097244,text,0.35421643973097244
text__piano,-0.016683377886530043,text,0.016683377886530043
text__pick,-0.4742527419242108,text,0.4742527419242108
text__picture,0.2585444567726041,text,0.2585444567726041
text__pictures,-0.48837330472692675,text,0.48837330472692675
text__pie,0.7225597016048618,text,0.7225597016048618
text__piece,0.2962365170533818,text,0.2962365170533818
text__pieces,0.7603079699528429,text,0.7603079699528429
text__pig,0.5601829780970644,text,0.5601829780970644
text__pillow,-0.03683528500410166,text,0.03683528500410166
text__pilot,0.33820489279024946,text,0.33820489279024946
text__pin,0.8760285596303258,text,0.8760285596303258
text__pink,0.32650113778782575,text,0.32650113778782575
text__pins,0.9519028610244066,text,0.9519028610244066
text__pirate,-0.0150011740412938,text,0.0150011740412938
text__pirates,0.2499861636702327,text,0.2499861636702327
text__pit,-0.3447605069032708,text,0.3447605069032708
text__pixel,0.5185839647686276,text,0.5185839647686276
text__pizza,0.24151433269311853,text,0.24151433269311853
text__place,0.631623821822845,text,0.631623821822845
text__places,0.46016479772133423,text,0.46016479772133423
text__plan,0.29933578822619283,text,0.29933578822619283
text__planet,-0.2147732967223815,text,0.2147732967223815
text__planner,0.23391733527752448,text,0.23391733527752448
text__plant,0.35899401989230073,text,0.35899401989230073
text__plants,0.46210396454056457,text,0.46210396454056457
text__plastic,-0.11446357566620302,text,0.11446357566620302
text__plate,0.6944404392943501,text,0.6944404392943501
text__platform,-0.2299826053619534,text,0.2299826053619534
text__platformer,0.24444932608558428,text,0.24444932608558428
text__play,0.12748084546480143,text,0.12748084546480143
text__player,-0.47108784866874553,text,0.47108784866874553
text__players,0.27111442199081753,text,0.27111442199081753
text__playing,1.0168504094284976,text,1.0168504094284976
text__plays,-0.1362044181969666,text,0.1362044181969666
text__plug,0.669493027674501,text,0.669493027674501
text__plus,-0.14540054940983702,text,0.14540054940983702
text__plush,0.8011623768044039,text,0.8011623768044039
text__pocket,0.7905125584786044,text,0.7905125584786044
text__podcast,-0.2968969056394746,text,0.2968969056394746
text__poems,0.4844899738552118,text,0.4844899738552118
text__poetry,0.05155766361003541,text,0.05155766361003541
text__point,0.07549539274562123,text,0.07549539274562123
text__pokemon,-1.220113460694466,text,1.220113460694466
text__poker,-0.7585440157151402,text,0.7585440157151402
text__pole,0.11562225721714574,text,0.11562225721714574
text__political,-0.6437411855693369,text,0.6437411855693369
text__politics,0.027075376768870497,text,0.027075376768870497
text__pong,-0.8267269938143126,text,0.8267269938143126
text__pool,-0.3033343152163173,text,0.3033343152163173
text__pop,0.21978753810050267,text,0.21978753810050267
text__popcorn,0.16716207016656456,text,0.16716207016656456
text__portable,0.5231982582252642,text,0.5231982582252642
text__portal,-0.09793391055246485,text,0.09793391055246485
text__portfolio,0.12498524632065952,text,0.12498524632065952
text__portland,1.2365714066706506,text,1.2365714066706506
text__portrait,0.7021883588179485,text,0.7021883588179485
text__portraits,0.4273128735955707,text,0.4273128735955707
text__positive,-0.15433384851208223,text,0.15433384851208223
text__post,1.0635129433363075,text,1.0635129433363075
text__postcard,1.0587742019806599,text,1.0587742019806599
text__postcards,0.7052624516000606,text,0.7052624516000606
text__poster,0.6305809065215123,text,0.6305809065215123
text__posters,0.28100889707518584,text,0.28100889707518584
text__pot,-0.34132220390327206,text,0.34132220390327206
text__potato,-0.6212959261823909,text,0.6212959261823909
text__pottery,-0.5864686552735829,text,0.5864686552735829
text__pour,-0.26170783785303314,text,0.26170783785303314
text__power,0.004120851965925005,text,0.004120851965925005
text__powered,0.29268912392653473,text,0.29268912392653473
text__powerful,1.1569147393725243,text,1.1569147393725243
text__practical,1.0339551281966743,text,1.0339551281966743
text__prayer,0.3436421334904017,text,0.3436421334904017
text__pre,0.8955850073680158,text,0.8955850073680158
text__precision,0.30564841296055173,text,0.30564841296055173
text__premier,-0.14204597607432612,text,0.14204597607432612
text__premiere,1.0670490620480457,text,1.0670490620480457
text__premium,0.607428173593585,text,0.607428173593585
text__present,0.8809956873951972,text,0.8809956873951972
text__presented,0.8454170944512747,text,0.8454170944512747
text__presents,0.8784599671691053,text,0.8784599671691053
text__president,-0.8338627753630206,text,0.8338627753630206
text__press,0.9353883835155286,text,0.9353883835155286
text__pressing,0.07381891374295839,text,0.07381891374295839
text__pretty,0.35518304486370633,text,0.35518304486370633
text__price,0.14722179606501212,text,0.14722179606501212
text__pride,-0.0073889646380918975,text,0.0073889646380918975
text__prince,-0.2121995676688231,text,0.2121995676688231
text__princess,0.21588898081126995,text,0.21588898081126995
text__print,0.6217727033288425,text,0.6217727033288425
text__printed,-0.32794979819187636,text,0.32794979819187636
text__printer,1.3128394641859125,text,1.3128394641859125
text__printing,0.48935343813428184,text,0.48935343813428184
text__prints,0.2532954914103726,text,0.2532954914103726
text__prison,0.38609357615569634,text,0.38609357615569634
text__private,-0.1312151709864409,text,0.1312151709864409
text__pro,0.18250317034726266,text,0.18250317034726266
text__process,0.598649940595602,text,0.598649940595602
text__produce,-0.027466963327594313,text,0.027466963327594313
text__produced,0.4661435290601406,text,0.4661435290601406
text__producer,-0.7763972601966288,text,0.7763972601966288
text__product,-0.674042380737699,text,0.674042380737699
text__production,-0.0660778565100414,text,0.0660778565100414
text__productions,-0.6850715586147413,text,0.6850715586147413
text__products,-0.6507879803184754,text,0.6507879803184754
text__professional,-0.41007347164744534,text,0.41007347164744534
text__profit,-0.3645331418964909,text,0.3645331418964909
text__program,-0.3443802571614049,text,0.3443802571614049
text__programming,0.9875508321426778,text,0.9875508321426778
text__progress,0.7716872833942028,text,0.7716872833942028
text__project,-0.004755347528856205,text,0.004755347528856205
text__projects,0.37359648588778,text,0.37359648588778
text__promo,-0.755364844110178,text,0.755364844110178
text__promote,-0.325146240423956,text,0.325146240423956
text__promotion,-1.4518241968902446,text,1.4518241968902446
text__proof,0.5883515918764528,text,0.5883515918764528
text__protect,-0.5159282349958886,text,0.5159282349958886
text__protection,0.08406640268820123,text,0.08406640268820123
text__protein,0.2234267371961947,text,0.2234267371961947
text__prototype,-1.3039528812797259,text,1.3039528812797259
text__psychological,0.8902703864522128,text,0.8902703864522128
text__pub,-0.031070335516961138,text,0.031070335516961138
text__public,0.6286100862500705,text,0.6286100862500705
text__publication,0.1720845807431841,text,0.1720845807431841
text__publish,-0.10166693353678428,text,0.10166693353678428
text__published,-0.5121889403527861,text,0.5121889403527861
text__publishing,-0.44684301470908555,text,0.44684301470908555
text__punk,0.6629177115360929,text,0.6629177115360929
text__puppet,0.4845698653992953,text,0.4845698653992953
text__pure,0.5118544735866185,text,0.5118544735866185
text__purple,0.07161555793523915,text,0.07161555793523915
text__purpose,0.474949560112071,text,0.474949560112071
text__pursuit,-0.22082629943198828,text,0.22082629943198828
text__push,0.07731382387181086,text,0.07731382387181086
text__putting,-0.30742198124914355,text,0.30742198124914355
text__puzzle,-0.31895550097382197,text,0.31895550097382197
text__quality,0.4294942915499805,text,0.4294942915499805
text__quarterly,1.006699686435135,text,1.006699686435135
text__quartet,0.5501268685745151,text,0.5501268685745151
text__queen,0.4457561423356912,text,0.4457561423356912
text__queens,0.654674446657773,text,0.654674446657773
text__queer,1.471273862729838,text,1.471273862729838
text__quest,0.05821132275258084,text,0.05821132275258084
text__quick,-0.12031245810182599,text,0.12031245810182599
text__quiet,0.5933171110110779,text,0.5933171110110779
text__rabbit,0.634736536491942,text,0.634736536491942
text__race,-0.4639414104288022,text,0.4639414104288022
text__racing,-0.8006601800833599,text,0.8006601800833599
text__rack,-0.40768754734760093,text,0.40768754734760093
text__radio,-0.7167643464709357,text,0.7167643464709357
text__rain,0.18499000547537658,text,0.18499000547537658
text__rainbow,0.03818214114393196,text,0.03818214114393196
text__raise,0.48769548812474856,text,0.48769548812474856
text__raising,-0.7293595757476671,text,0.7293595757476671
text__ranch,-0.3615518022907819,text,0.3615518022907819
text__random,-0.40792983448455566,text,0.40792983448455566
text__range,0.24654469413687816,text,0.24654469413687816
text__rap,-0.7038449651275405,text,0.7038449651275405
text__rare,0.6062838866925567,text,0.6062838866925567
text__raspberry,1.7363391747120234,text,1.7363391747120234
text__raw,0.2617935597869914,text,0.2617935597869914
text__ray,0.22451252463318183,text,0.22451252463318183
text__rd,0.7748599886480484,text,0.7748599886480484
text__reach,-0.08320430304103038,text,0.08320430304103038
text__read,0.27145644572997135,text,0.27145644572997135
text__reader,-0.31423372596560006,text,0.31423372596560006
text__reading,0.5118214128847325,text,0.5118214128847325
text__ready,-0.34798526795115226,text,0.34798526795115226
text__real,-0.43717956574762035,text,0.43717956574762035
text__reality,-0.40149028678141957,text,0.40149028678141957
text__really,-0.16617370931977302,text,0.16617370931977302
text__realm,-0.258517040955707,text,0.258517040955707
text__rebel,-0.09208084021265625,text,0.09208084021265625
text__reboot,0.14214249669738424,text,0.14214249669738424
text__recipe,-0.3424411746313079,text,0.3424411746313079
text__recipes,-0.23196486217837747,text,0.23196486217837747
text__record,1.112483823822958,text,1.112483823822958
text__recording,0.12342647100282617,text,0.12342647100282617
text__records,0.34134766890107227,text,0.34134766890107227
text__recovery,-0.37930684735379805,text,0.37930684735379805
text__recycled,0.2385042324016923,text,0.2385042324016923
text__red,0.3040616326768667,text,0.3040616326768667
text__redefining,1.1009384890643716,text,1.1009384890643716
text__redemption,-0.20285649885180276,text,0.20285649885180276
text__reel,0.25499382633452566,text,0.25499382633452566
text__reflections,0.019593538934887463,text,0.019593538934887463
text__reign,-0.1821741592260733,text,0.1821741592260733
text__reinvented,1.7668122042155388,text,1.7668122042155388
text__relaunch,1.3938637277539714,text,1.3938637277539714
text__release,0.5135712840297056,text,0.5135712840297056
text__releasing,0.7544486807653719,text,0.7544486807653719
text__remember,-0.12817762535021057,text,0.12817762535021057
text__remix,0.22174297702695997,text,0.22174297702695997
text__remote,-0.16306293894697726,text,0.16306293894697726
text__renaissance,0.5622682164751072,text,0.5622682164751072
text__report,0.15321012779275867,text,0.15321012779275867
text__rescue,-0.15615152185772993,text,0.15615152185772993
text__research,0.16495136566711432,text,0.16495136566711432
text__residency,2.425975714115999,text,2.425975714115999
text__resistance,0.3670324861532621,text,0.3670324861532621
text__rest,0.8539166890789675,text,0.8539166890789675
text__restaurant,-0.07782804597944587,text,0.07782804597944587
text__restoration,-0.11697080237618447,text,0.11697080237618447
text__retro,0.10676437108687964,text,0.10676437108687964
text__return,0.3116798122552795,text,0.3116798122552795
text__returns,0.8058209003514423,text,0.8058209003514423
text__revenge,-0.3274518004376892,text,0.3274518004376892
text__review,-0.19422743100439024,text,0.19422743100439024
text__reviews,-1.1804814011074558,text,1.1804814011074558
text__revival,-0.08105280143072852,text,0.08105280143072852
text__revolution,0.36879111384993907,text,0.36879111384993907
text__revolutionary,0.40834993673609477,text,0.40834993673609477
text__rfid,1.2705706747076622,text,1.2705706747076622
text__rhythm,0.41155655175638406,text,0.41155655175638406
text__rich,-0.5557521849865298,text,0.5557521849865298
text__richard,0.7509676047436552,text,0.7509676047436552
text__ride,-0.18557095493886547,text,0.18557095493886547
text__right,0.36198516752601584,text,0.36198516752601584
text__rights,0.3226600177828737,text,0.3226600177828737
text__ring,0.45877604893347834,text,0.45877604893347834
text__rings,1.1159821045069929,text,1.1159821045069929
text__rise,0.048702403293173484,text,0.048702403293173484
text__rising,0.2269303377023492,text,0.2269303377023492
text__river,0.22891158355745478,text,0.22891158355745478
text__road,-0.06423164839008524,text,0.06423164839008524
text__rob,0.00678309153618175,text,0.00678309153618175
text__robert,0.4983773855289542,text,0.4983773855289542
text__robot,0.708682948325011,text,0.708682948325011
text__robotic,0.6383336689493248,text,0.6383336689493248
text__robotics,0.6160700555620205,text,0.6160700555620205
text__robots,0.025311004639709936,text,0.025311004639709936
text__rock,-0.2649626154309585,text,0.2649626154309585
text__rocket,0.526184228740272,text,0.526184228740272
text__rocks,0.40635250990573,text,0.40635250990573
text__rocky,-0.10431393689011757,text,0.10431393689011757
text__rogue,0.6845084493744532,text,0.6845084493744532
text__role,-0.15883928468730144,text,0.15883928468730144
text__roleplaying,1.346885959487021,text,1.346885959487021
text__roll,0.5674835137941984,text,0.5674835137941984
text__roller,0.5764608384155443,text,0.5764608384155443
text__rolling,0.5447849223072305,text,0.5447849223072305
text__romance,0.1736851950940734,text,0.1736851950940734
text__romantic,-0.1098973027165276,text,0.1098973027165276
text__room,0.5569597500936525,text,0.5569597500936525
text__roots,0.5535333408507798,text,0.5535333408507798
text__rose,0.2491921311222542,text,0.2491921311222542
text__round,0.12461205826979309,text,0.12461205826979309
text__route,-0.439720921273545,text,0.439720921273545
text__royal,-0.04304664762178176,text,0.04304664762178176
text__rpg,0.9550266992570858,text,0.9550266992570858
text__rule,0.2902055949646928,text,0.2902055949646928
text__rules,0.0032166126727334555,text,0.0032166126727334555
text__run,0.46582146606205377,text,0.46582146606205377
text__running,0.1257758576971809,text,0.1257758576971809
text__rural,0.4452132797545871,text,0.4452132797545871
text__rush,-0.023702663481379588,text,0.023702663481379588
text__ryan,0.41156708198310005,text,0.41156708198310005
text__sacred,0.3928503551800219,text,0.3928503551800219
text__safe,-0.1479528226712802,text,0.1479528226712802
text__safety,-0.796252432391076,text,0.796252432391076
text__saga,-0.17492937832885438,text,0.17492937832885438
text__saint,0.3441786894547184,text,0.3441786894547184
text__salad,-0.6786402916285111,text,0.6786402916285111
text__sale,0.4562535918367805,text,0.4562535918367805
text__salsa,-0.6518156283894186,text,0.6518156283894186
text__salt,0.8877990645490487,text,0.8877990645490487
text__sam,0.18208470668127227,text,0.18208470668127227
text__samurai,0.247848015265131,text,0.247848015265131
text__san,0.4653390153200119,text,0.4653390153200119
text__sand,-0.6022401257882916,text,0.6022401257882916
text__sandwich,0.13459763067922792,text,0.13459763067922792
text__santa,-0.2857789119496732,text,0.2857789119496732
text__sarah,1.1965619279358237,text,1.1965619279358237
text__sauce,0.28888757549370975,text,0.28888757549370975
text__sauces,-0.5348320819587219,text,0.5348320819587219
text__savage,1.0087401010435688,text,1.0087401010435688
text__save,0.17106191623487077,text,0.17106191623487077
text__saving,-0.1617453207929605,text,0.1617453207929605
text__say,0.05228135166574197,text,0.05228135166574197
text__scale,-0.4070930881396424,text,0.4070930881396424
text__scene,-0.0588369123595389,text,0.0588369123595389
text__school,0.1019156860820878,text,0.1019156860820878
text__schools,-0.38078693840750005,text,0.38078693840750005
text__sci,0.009838751724801947,text,0.009838751724801947
text__science,0.6272953509462148,text,0.6272953509462148
text__scifi,0.5346613759764571,text,0.5346613759764571
text__scotland,-0.4089301514890323,text,0.4089301514890323
text__scott,0.3870650643916715,text,0.3870650643916715
text__scout,1.0600470813582057,text,1.0600470813582057
text__scratch,0.25418128941244156,text,0.25418128941244156
text__screen,0.6369297907724067,text,0.6369297907724067
text__sculpture,0.2981234694135323,text,0.2981234694135323
text__sculptures,-0.2657440684471122,text,0.2657440684471122
text__sea,1.0598943522793567,text,1.0598943522793567
text__sean,0.5766700689690449,text,0.5766700689690449
text__search,-0.016973419035814865,text,0.016973419035814865
text__season,1.2096068300793148,text,1.2096068300793148
text__seasons,0.08486387598242866,text,0.08486387598242866
text__seat,0.2582267986168907,text,0.2582267986168907
text__seattle,0.36211855067617593,text,0.36211855067617593
text__second,0.49743000210858096,text,0.49743000210858096
text__seconds,0.12440273736867286,text,0.12440273736867286
text__secret,0.43163472380890894,text,0.43163472380890894
text__secrets,0.15617950074755935,text,0.15617950074755935
text__secure,-0.05325892930950881,text,0.05325892930950881
text__security,-0.3440471492530245,text,0.3440471492530245
text__seed,0.2080741106051751,text,0.2080741106051751
text__seeds,0.44836462727596194,text,0.44836462727596194
text__seeking,-0.5007082730292288,text,0.5007082730292288
text__seen,-0.21670259801435898,text,0.21670259801435898
text__self,0.1757208670265338,text,0.1757208670265338
text__sell,-1.3424376062131895,text,1.3424376062131895
text__send,0.9785268073163886,text,0.9785268073163886
text__senior,0.8117359069426193,text,0.8117359069426193
text__sense,0.10227705781081468,text,0.10227705781081468
text__sensor,0.6715495210912511,text,0.6715495210912511
text__sequel,0.4908434081535249,text,0.4908434081535249
text__series,-0.1341629546320905,text,0.1341629546320905
text__server,-0.6063195337038736,text,0.6063195337038736
text__service,-0.5288460849937925,text,0.5288460849937925
text__services,-1.2814262522758706,text,1.2814262522758706
text__sessions,0.6318261367201866,text,0.6318261367201866
text__set,0.5162558961217412,text,0.5162558961217412
text__sets,0.03365617893909577,text,0.03365617893909577
text__setting,0.1425401085793383,text,0.1425401085793383
text__seven,0.08206056169666798,text,0.08206056169666798
text__sex,0.4497983513036069,text,0.4497983513036069
text__sexy,-0.40344867829560405,text,0.40344867829560405
text__sf,1.3710243353145526,text,1.3710243353145526
text__shack,-0.2711138253640641,text,0.2711138253640641
text__shades,0.22528866446834198,text,0.22528866446834198
text__shadow,0.100169196742184,text,0.100169196742184
text__shadows,0.2877830742613172,text,0.2877830742613172
text__shakespeare,0.31052136313053114,text,0.31052136313053114
text__share,0.07359654134627024,text,0.07359654134627024
text__sharing,0.04838561426195113,text,0.04838561426195113
text__shark,0.32741041250350206,text,0.32741041250350206
text__sheep,0.5329923187703683,text,0.5329923187703683
text__shelter,0.5539261929501773,text,0.5539261929501773
text__shield,0.012794252557431263,text,0.012794252557431263
text__shift,-0.00605820740081848,text,0.00605820740081848
text__shine,0.12377658877244449,text,0.12377658877244449
text__ship,0.2060871683053518,text,0.2060871683053518
text__shirt,0.13668232624167,text,0.13668232624167
text__shirts,-0.0421819225223151,text,0.0421819225223151
text__shoe,-0.265194012262274,text,0.265194012262274
text__shoes,0.2091717465376349,text,0.2091717465376349
text__shoot,-0.003395126474310748,text,0.003395126474310748
text__shooter,-0.3502153058075148,text,0.3502153058075148
text__shop,-0.19246783854813992,text,0.19246783854813992
text__shopping,-0.8916422199591848,text,0.8916422199591848
text__short,0.610815907580452,text,0.610815907580452
text__shorts,0.9576546679991765,text,0.9576546679991765
text__shot,-0.01998605593227122,text,0.01998605593227122
text__showcase,0.15364730186640863,text,0.15364730186640863
text__shower,-0.38747586859828254,text,0.38747586859828254
text__shows,-0.1785902240978964,text,0.1785902240978964
text__sick,0.01646908678999927,text,0.01646908678999927
text__sight,0.4860772297173009,text,0.4860772297173009
text__sign,-0.2623493497856754,text,0.2623493497856754
text__signs,0.0947237285458834,text,0.0947237285458834
text__silence,0.3939838913779945,text,0.3939838913779945
text__silent,-0.229247306612138,text,0.229247306612138
text__silk,0.7617929272895715,text,0.7617929272895715
text__silver,0.2847293361412212,text,0.2847293361412212
text__simple,0.30091871661792097,text,0.30091871661792097
text__simply,-0.3113065967570618,text,0.3113065967570618
text__simulator,0.043134369563466876,text,0.043134369563466876
text__sin,-0.058802079764932014,text,0.058802079764932014
text__sing,0.3288687332922152,text,0.3288687332922152
text__singer,-0.4910610157657645,text,0.4910610157657645
text__single,-0.36353566530662845,text,0.36353566530662845
text__sister,0.5706088305177586,text,0.5706088305177586
text__sisters,0.31787587180891586,text,0.31787587180891586
text__site,-0.008213626030474458,text,0.008213626030474458
text__size,-0.0729425338954754,text,0.0729425338954754
text__sized,0.29262208806495005,text,0.29262208806495005
text__skate,-0.5042374817211144,text,0.5042374817211144
text__skateboard,0.3148630941766891,text,0.3148630941766891
text__skateboards,-0.45819750032332385,text,0.45819750032332385
text__sketch,0.6002217429995256,text,0.6002217429995256
text__sketchbook,1.6944080994653323,text,1.6944080994653323
text__ski,0.12236490931264679,text,0.12236490931264679
text__skies,0.4202805982197586,text,0.4202805982197586
text__skin,0.07243857550225874,text,0.07243857550225874
text__skull,0.520645418625549,text,0.520645418625549
text__sky,0.3426617893118588,text,0.3426617893118588
text__sleep,0.8828988725012693,text,0.8828988725012693
text__sleeping,0.4756960012708073,text,0.4756960012708073
text__slim,1.3684626794002601,text,1.3684626794002601
text__slow,0.680415617124404,text,0.680415617124404
text__small,0.2062350675788966,text,0.2062350675788966
text__smallest,1.8606110684373196,text,1.8606110684373196
text__smart,1.1632980527649082,text,1.1632980527649082
text__smarter,1.1408163531914388,text,1.1408163531914388
text__smartest,2.018750508838905,text,2.018750508838905
text__smartphone,0.596787512813054,text,0.596787512813054
text__smile,0.08523099694989263,text,0.08523099694989263
text__smith,0.6867054533289386,text,0.6867054533289386
text__smoke,0.42177199689389194,text,0.42177199689389194
text__snack,0.18472332818109796,text,0.18472332818109796
text__snap,-0.7019938467161237,text,0.7019938467161237
text__snow,0.21438230325719687,text,0.21438230325719687
text__soap,0.17406421580931528,text,0.17406421580931528
text__soaps,-0.4236393981473654,text,0.4236393981473654
text__soccer,-0.08721961340726704,text,0.08721961340726704
text__social,-0.5712417680398465,text,0.5712417680398465
text__society,0.0164313065431789,text,0.0164313065431789
text__sock,0.8258680574115951,text,0.8258680574115951
text__socks,1.427320622110356,text,1.427320622110356
text__soft,-0.18105833170677596,text,0.18105833170677596
text__software,0.018015915602806364,text,0.018015915602806364
text__solar,-0.2384950218104698,text,0.2384950218104698
text__soldier,-0.5732190256972215,text,0.5732190256972215
text__solid,-0.17339476818990157,text,0.17339476818990157
text__solo,0.6223455940710038,text,0.6223455940710038
text__solution,0.1735114590192258,text,0.1735114590192258
text__solutions,-0.6533443924004436,text,0.6533443924004436
text__son,-0.2277468635271375,text,0.2277468635271375
text__song,-0.10283309146868572,text,0.10283309146868572
text__songs,0.34525772101712926,text,0.34525772101712926
text__songwriter,-0.05845846443549908,text,0.05845846443549908
text__sons,0.3321667501441516,text,0.3321667501441516
text__soon,-0.19155395234504632,text,0.19155395234504632
text__sophomore,0.5743228157127465,text,0.5743228157127465
text__soul,-0.38106150041799586,text,0.38106150041799586
text__souls,-0.3363830834918034,text,0.3363830834918034
text__sound,0.3719511608082467,text,0.3719511608082467
text__sounds,-0.07629121845455532,text,0.07629121845455532
text__soundtrack,0.08936612454718589,text,0.08936612454718589
text__soup,0.21802268255116927,text,0.21802268255116927
text__source,0.6164578002418333,text,0.6164578002418333
text__south,0.2807806849704043,text,0.2807806849704043
text__southern,-0.5732651184128659,text,0.5732651184128659
text__soy,0.021917288824494726,text,0.021917288824494726
text__space,0.6072066482329375,text,0.6072066482329375
text__spaces,0.8688847720320797,text,0.8688847720320797
text__spanish,-0.798135548026043,text,0.798135548026043
text__spark,1.151790426801048,text,1.151790426801048
text__speak,0.33801376842872366,text,0.33801376842872366
text__speaker,0.27678987482421175,text,0.27678987482421175
text__special,0.6691168935392799,text,0.6691168935392799
text__speed,-0.12148110068195497,text,0.12148110068195497
text__spice,0.17345643650434414,text,0.17345643650434414
text__spin,0.5429877801767236,text,0.5429877801767236
text__spinner,0.3826110258939584,text,0.3826110258939584
text__spinning,1.0515481715142143,text,1.0515481715142143
text__spirit,-0.2687717192403784,text,0.2687717192403784
text__spirits,0.4976070937530514,text,0.4976070937530514
text__spiritual,-0.8800005869429682,text,0.8800005869429682
text__split,0.7099149663289848,text,0.7099149663289848
text__sport,-0.8251004815967948,text,0.8251004815967948
text__sports,-1.1684139264280662,text,1.1684139264280662
text__spot,-0.08788313628206171,text,0.08788313628206171
text__spread,0.30186461198595566,text,0.30186461198595566
text__spring,0.5013439368646049,text,0.5013439368646049
text__spy,0.4852551673030523,text,0.4852551673030523
text__squad,-0.07535066824507923,text,0.07535066824507923
text__square,0.41333298752873887,text,0.41333298752873887
text__st,0.09100847914605713,text,0.09100847914605713
text__stage,-0.4678280271306885,text,0.4678280271306885
text__stand,-0.20754529636191615,text,0.20754529636191615
text__standard,-0.05941671992943362,text,0.05941671992943362
text__standing,0.27894785740252626,text,0.27894785740252626
text__star,0.11385522926291103,text,0.11385522926291103
text__starring,0.8828507577419994,text,0.8828507577419994
text__stars,0.32318051273004467,text,0.32318051273004467
text__start,-0.9074919508146078,text,0.9074919508146078
text__starter,0.14349803989138304,text,0.14349803989138304
text__starting,-1.1040085583158545,text,1.1040085583158545
text__startup,-0.9067307880563069,text,0.9067307880563069
text__state,-0.020272739242264595,text,0.020272739242264595
text__states,0.10287643057216757,text,0.10287643057216757
text__station,-0.17615433023400004,text,0.17615433023400004
text__stay,-0.2889689687412873,text,0.2889689687412873
text__steam,0.5867208886378532,text,0.5867208886378532
text__steampunk,0.6856810782983476,text,0.6856810782983476
text__steel,-0.22472421109304425,text,0.22472421109304425
text__stem,0.1234191344570686,text,0.1234191344570686
text__step,-0.052911887687166856,text,0.052911887687166856
text__stephen,0.3828523244473435,text,0.3828523244473435
text__steps,1.1708791150657736,text,1.1708791150657736
text__steve,0.6159978498565587,text,0.6159978498565587
text__stick,0.05221541375615749,text,0.05221541375615749
text__sticker,0.09253227962135757,text,0.09253227962135757
text__stickers,0.24023658668653172,text,0.24023658668653172
text__stock,-0.2831454004373074,text,0.2831454004373074
text__stone,0.1184764870318249,text,0.1184764870318249
text__stones,0.4759835954648193,text,0.4759835954648193
text__stop,-0.14708330784227128,text,0.14708330784227128
text__storage,0.5489870251395373,text,0.5489870251395373
text__store,-0.034496293645187574,text,0.034496293645187574
text__stories,0.5177598582619926,text,0.5177598582619926
text__storm,0.4041175677091721,text,0.4041175677091721
text__story,0.08410926146349461,text,0.08410926146349461
text__storytelling,1.2477295531342074,text,1.2477295531342074
text__straight,0.08990017875347467,text,0.08990017875347467
text__strange,0.6874087380312582,text,0.6874087380312582
text__strangers,0.8089985813526462,text,0.8089985813526462
text__strap,0.22190789830928093,text,0.22190789830928093
text__strategy,-0.07054384404725397,text,0.07054384404725397
text__streaming,0.5223621934100842,text,0.5223621934100842
text__street,0.07757620285608552,text,0.07757620285608552
text__streets,0.18331412179330125,text,0.18331412179330125
text__streetwear,-1.1621584734805577,text,1.1621584734805577
text__stretch,1.68772736468064,text,1.68772736468064
text__string,0.22051559039268634,text,0.22051559039268634
text__strings,0.14532426445817828,text,0.14532426445817828
text__strong,0.5002638308078574,text,0.5002638308078574
text__student,0.5963572939962264,text,0.5963572939962264
text__students,0.1863845481306914,text,0.1863845481306914
text__studio,-0.015589347839394993,text,0.015589347839394993
text__studios,-0.5697199066134835,text,0.5697199066134835
text__study,-0.16953028939500514,text,0.16953028939500514
text__stuff,-0.1754005260339513,text,0.1754005260339513
text__style,0.34938000896337146,text,0.34938000896337146
text__stylish,-0.14160506768491637,text,0.14160506768491637
text__subscription,0.21064292044854255,text,0.21064292044854255
text__success,-1.3265696268753695,text,1.3265696268753695
text__sugar,0.7769999246927491,text,0.7769999246927491
text__suicide,-0.3083015351737066,text,0.3083015351737066
text__suit,-0.13836509501338862,text,0.13836509501338862
text__suite,0.3432364466708171,text,0.3432364466708171
text__summer,0.4351572307106692,text,0.4351572307106692
text__sun,0.6750025886093047,text,0.6750025886093047
text__sunday,0.26544306449172855,text,0.26544306449172855
text__sunglasses,1.2105820560234006,text,1.2105820560234006
text__sunshine,-0.32966234767557473,text,0.32966234767557473
text__super,0.19908570776901244,text,0.19908570776901244
text__superhero,0.03593054568156506,text,0.03593054568156506
text__supernatural,0.6404427809969807,text,0.6404427809969807
text__supply,-0.22857953595260605,text,0.22857953595260605
text__support,-0.10334821066523867,text,0.10334821066523867
text__surf,0.255489950892789,text,0.255489950892789
text__surface,0.24506553545286633,text,0.24506553545286633
text__survival,-0.3284755848531605,text,0.3284755848531605
text__survive,-0.2582451835269108,text,0.2582451835269108
text__surviving,-0.41115133872139087,text,0.41115133872139087
text__survivor,-0.2007803671294166,text,0.2007803671294166
text__sustainable,0.9016605247893129,text,0.9016605247893129
text__sweet,0.10276441676103713,text,0.10276441676103713
text__sweets,-0.22136555360258545,text,0.22136555360258545
text__swim,0.39909210868351735,text,0.39909210868351735
text__swimwear,0.2977838807953226,text,0.2977838807953226
text__swing,0.019200853853867467,text,0.019200853853867467
text__swiss,0.9217564216618481,text,0.9217564216618481
text__switch,-0.44661949847357074,text,0.44661949847357074
text__sword,0.22548161651117454,text,0.22548161651117454
text__sxsw,2.0625034207936337,text,2.0625034207936337
text__symphony,-0.08062077655954389,text,0.08062077655954389
text__systems,-0.2827657553263804,text,0.2827657553263804
text__table,-0.0689843619231001,text,0.0689843619231001
text__tablet,0.04125312766802071,text,0.04125312766802071
text__tabletop,0.1832606699315145,text,0.1832606699315145
text__tactical,0.2546153353574601,text,0.2546153353574601
text__tag,0.37690993139163664,text,0.37690993139163664
text__tail,-0.21059577436021307,text,0.21059577436021307
text__takes,0.21210423078983787,text,0.21210423078983787
text__taking,-0.19249311128801827,text,0.19249311128801827
text__tale,0.7530289609848806,text,0.7530289609848806
text__talent,-0.6502164090547102,text,0.6502164090547102
text__tales,0.402639245903764,text,0.402639245903764
text__talk,-0.1115964926285668,text,0.1115964926285668
text__talking,-0.12028373575946363,text,0.12028373575946363
text__tall,0.38472198736126473,text,0.38472198736126473
text__tank,0.48783951140266135,text,0.48783951140266135
text__tap,-0.07591098700808685,text,0.07591098700808685
text__tape,0.5985537494632215,text,0.5985537494632215
text__tarot,0.9432014199729475,text,0.9432014199729475
text__taste,0.11182371801359917,text,0.11182371801359917
text__tasty,-0.002734543316323783,text,0.002734543316323783
text__tattoo,-0.8870242890260618,text,0.8870242890260618
text__taylor,0.7352079612630065,text,0.7352079612630065
text__tea,0.5445634201520609,text,0.5445634201520609
text__teach,-0.12888228506815105,text,0.12888228506815105
text__teacher,-0.32485529476627356,text,0.32485529476627356
text__teaching,-0.25779439054571757,text,0.25779439054571757
text__team,0.03855180414941491,text,0.03855180414941491
text__tears,-0.27959988081451953,text,0.27959988081451953
text__tech,0.3154325736489452,text,0.3154325736489452
text__technology,-0.23218777427710213,text,0.23218777427710213
text__tee,-0.1930252897101177,text,0.1930252897101177
text__teen,0.43567188046579813,text,0.43567188046579813
text__teens,-0.5464182152874435,text,0.5464182152874435
text__tees,-0.5023737912111419,text,0.5023737912111419
text__television,-0.372477632506561,text,0.372477632506561
text__tell,0.42475141562114493,text,0.42475141562114493
text__temple,0.8777431640387154,text,0.8777431640387154
text__tennis,0.2674865111154672,text,0.2674865111154672
text__terrain,0.1503068278360052,text,0.1503068278360052
text__terror,-0.6271716383195217,text,0.6271716383195217
text__test,-0.08930030896735969,text,0.08930030896735969
text__texas,-0.7023989614491672,text,0.7023989614491672
text__text,0.24215838134887785,text,0.24215838134887785
text__th,0.6004633554934317,text,0.6004633554934317
text__thank,0.6702283688830019,text,0.6702283688830019
text__theater,0.12875450177308728,text,0.12875450177308728
text__theatre,0.3185727549472327,text,0.3185727549472327
text__theatrical,-0.08984255956047105,text,0.08984255956047105
text__themed,-0.42195420566634956,text,0.42195420566634956
text__theory,-0.304416173940412,text,0.304416173940412
text__therapy,-0.2713093057639467,text,0.2713093057639467
text__thesis,1.941107350086797,text,1.941107350086797
text__thing,0.09016648681915937,text,0.09016648681915937
text__things,0.37318504850657525,text,0.37318504850657525
text__think,-0.0664739600729431,text,0.0664739600729431
text__thinking,-0.1903954402332202,text,0.1903954402332202
text__thomas,-0.05681705315431655,text,0.05681705315431655
text__thought,-0.18706145839210478,text,0.18706145839210478
text__thoughts,-0.1136461034430792,text,0.1136461034430792
text__thousand,0.5743163394381835,text,0.5743163394381835
text__threads,0.7527075307459352,text,0.7527075307459352
text__thriller,0.06380791965553304,text,0.06380791965553304
text__tie,-0.06097154468033567,text,0.06097154468033567
text__ties,0.3285069653598282,text,0.3285069653598282
text__tiger,0.5652942532891518,text,0.5652942532891518
text__tiles,0.1323209383043487,text,0.1323209383043487
text__tim,0.5437496490318463,text,0.5437496490318463
text__time,-0.08333712888859056,text,0.08333712888859056
text__timeless,0.41094266898814175,text,0.41094266898814175
text__times,0.26668800500429596,text,0.26668800500429596
text__tiny,0.5505002924432079,text,0.5505002924432079
text__titanium,2.178327799355248,text,2.178327799355248
text__title,0.06063582586949893,text,0.06063582586949893
text__titled,-0.9490422041326052,text,0.9490422041326052
text__today,-0.2247290655643927,text,0.2247290655643927
text__toilet,-0.6590835542084021,text,0.6590835542084021
text__tokyo,0.3972063090631671,text,0.3972063090631671
text__told,-0.3895698743063106,text,0.3895698743063106
text__tom,0.32928135407591763,text,0.32928135407591763
text__tomorrow,0.3573778706833798,text,0.3573778706833798
text__tony,-0.6572910508124724,text,0.6572910508124724
text__tool,0.4891444660521088,text,0.4891444660521088
text__tools,0.2252588165089273,text,0.2252588165089273
text__touch,0.25951677988906074,text,0.25951677988906074
text__tour,0.2887046442518897,text,0.2887046442518897
text__touring,0.44899184889625876,text,0.44899184889625876
text__tours,0.6778163244056742,text,0.6778163244056742
text__towel,-0.2879898228639074,text,0.2879898228639074
text__tower,0.08778319668969144,text,0.08778319668969144
text__town,-0.11331418391575696,text,0.11331418391575696
text__toy,0.17487469540110628,text,0.17487469540110628
text__toys,-0.036486357853401756,text,0.036486357853401756
text__track,0.18706884859895911,text,0.18706884859895911
text__tracker,0.9863892319533426,text,0.9863892319533426
text__tracking,0.9470985327011112,text,0.9470985327011112
text__trade,0.696967037875581,text,0.696967037875581
text__trading,-0.16438676068428013,text,0.16438676068428013
text__tradition,0.5071818843052847,text,0.5071818843052847
text__traditional,-0.16974351966945422,text,0.16974351966945422
text__trail,0.15022610345153609,text,0.15022610345153609
text__trailer,-0.371626993423506,text,0.371626993423506
text__train,0.018425649225156195,text,0.018425649225156195
text__training,-0.3221495481938469,text,0.3221495481938469
text__translation,-0.10647131209122732,text,0.10647131209122732
text__trash,-0.12107668558415907,text,0.12107668558415907
text__travel,0.3357266860614154,text,0.3357266860614154
text__traveler,0.11947030261154758,text,0.11947030261154758
text__traveling,-0.3725917738313995,text,0.3725917738313995
text__travels,0.269533681902953,text,0.269533681902953
text__treasure,-0.04073521699835652,text,0.04073521699835652
text__treasures,-0.37346205938208,text,0.37346205938208
text__treats,-0.8311491741793615,text,0.8311491741793615
text__tree,0.1405472934965267,text,0.1405472934965267
text__trees,0.5265807532909688,text,0.5265807532909688
text__trek,0.7225627646663614,text,0.7225627646663614
text__tribe,0.23293235192263728,text,0.23293235192263728
text__tribute,-0.36787850580937353,text,0.36787850580937353
text__trilogy,-0.1309631852813386,text,0.1309631852813386
text__trio,0.006836936158037043,text,0.006836936158037043
text__trip,-0.3433115871566818,text,0.3433115871566818
text__truck,-0.15296855676990873,text,0.15296855676990873
text__true,-0.07497881889538338,text,0.07497881889538338
text__truly,0.8122190379385569,text,0.8122190379385569
text__trump,-1.8512126658444985,text,1.8512126658444985
text__trust,0.6184485288389657,text,0.6184485288389657
text__truth,-0.5423966198234657,text,0.5423966198234657
text__trying,-0.059963296203122705,text,0.059963296203122705
text__tube,-0.1450917714489012,text,0.1450917714489012
text__turn,0.6943016290601106,text,0.6943016290601106
text__turning,-0.5289935198547551,text,0.5289935198547551
text__turtle,0.45460578793348316,text,0.45460578793348316
text__tv,-0.5541791391515086,text,0.5541791391515086
text__twin,-0.17360104848167107,text,0.17360104848167107
text__twist,-0.0800362696473774,text,0.0800362696473774
text__twisted,-0.8751505719578394,text,0.8751505719578394
text__tx,0.14662280542467546,text,0.14662280542467546
text__type,0.8310877036173858,text,0.8310877036173858
text__ugly,0.09662977902418288,text,0.09662977902418288
text__uk,-0.41404536839138606,text,0.41404536839138606
text__ultimate,0.6922359081765862,text,0.6922359081765862
text__ultra,0.765900528728567,text,0.765900528728567
text__uncle,-0.14443633987407384,text,0.14443633987407384
text__undead,0.042025332521584975,text,0.042025332521584975
text__underground,0.17669092651044238,text,0.17669092651044238
text__underwater,-0.1297112295131671,text,0.1297112295131671
text__underwear,1.3432296367593035,text,1.3432296367593035
text__unicorn,1.2468105400973526,text,1.2468105400973526
text__union,0.6039178765331337,text,0.6039178765331337
text__unique,-0.4888980447972997,text,0.4888980447972997
text__united,-0.6056083387849245,text,0.6056083387849245
text__unity,-0.6484468242734694,text,0.6484468242734694
text__universal,0.12304833574131414,text,0.12304833574131414
text__universe,0.3442331634341833,text,0.3442331634341833
text__university,0.44593845510728636,text,0.44593845510728636
text__unknown,-0.25889285072708407,text,0.25889285072708407
text__untitled,0.5145861705087618,text,0.5145861705087618
text__untold,0.39366756407269227,text,0.39366756407269227
text__upcoming,-0.3358640424913052,text,0.3358640424913052
text__upgrade,-0.04231988677891187,text,0.04231988677891187
text__urban,-0.05968016947836225,text,0.05968016947836225
text__usa,0.2525713307294953,text,0.2525713307294953
text__usb,0.6316029799755309,text,0.6316029799755309
text__use,-0.3325557108852142,text,0.3325557108852142
text__using,-0.26342587010017804,text,0.26342587010017804
text__uspcc,0.24980374640506484,text,0.24980374640506484
text__valentine,0.47702802378339576,text,0.47702802378339576
text__valley,0.09021395205568372,text,0.09021395205568372
text__vampire,-0.14581413169226884,text,0.14581413169226884
text__van,0.7501620667802117,text,0.7501620667802117
text__vault,0.3133777923697435,text,0.3133777923697435
text__ve,0.21327273535522973,text,0.21327273535522973
text__vegan,0.6333796021298969,text,0.6333796021298969
text__vegas,-0.9158198155737146,text,0.9158198155737146
text__vehicle,-0.42653985640504,text,0.42653985640504
text__venice,0.187490184328769,text,0.187490184328769
text__venue,-0.26619846176315815,text,0.26619846176315815
text__vermont,1.262118407236799,text,1.262118407236799
text__versatile,0.8721263466512801,text,0.8721263466512801
text__version,0.02533747867486243,text,0.02533747867486243
text__veteran,-0.8299686556220891,text,0.8299686556220891
text__veterans,-0.5140176592774437,text,0.5140176592774437
text__victory,-0.23430361246280307,text,0.23430361246280307
text__video,0.3520433740950218,text,0.3520433740950218
text__videos,-0.2235963515376659,text,0.2235963515376659
text__view,-0.1646136192960951,text,0.1646136192960951
text__village,0.6061318010591292,text,0.6061318010591292
text__vintage,-0.10688556446829771,text,0.10688556446829771
text__vinyl,0.7593796040340863,text,0.7593796040340863
text__violence,-0.6686886667268265,text,0.6686886667268265
text__virginia,-0.0646585605909541,text,0.0646585605909541
text__virtual,0.1525591747100997,text,0.1525591747100997
text__vision,0.01185250179134943,text,0.01185250179134943
text__visions,-0.2681950659180972,text,0.2681950659180972
text__visual,1.0677304762961122,text,1.0677304762961122
text__voice,-0.6134726607370758,text,0.6134726607370758
text__voices,0.02741576152671941,text,0.02741576152671941
text__vol,0.9175031579255783,text,0.9175031579255783
text__volume,1.2666042717593218,text,1.2666042717593218
text__von,0.13282935809993204,text,0.13282935809993204
text__voyage,0.27800179570793265,text,0.27800179570793265
text__vr,0.021600507458660413,text,0.021600507458660413
text__vs,-0.018194810845866893,text,0.018194810845866893
text__waiting,0.515798487938569,text,0.515798487938569
text__wake,0.6131786437138687,text,0.6131786437138687
text__walk,0.13270197007704104,text,0.13270197007704104
text__walker,-0.3410282989073247,text,0.3410282989073247
text__walking,0.12285464987770246,text,0.12285464987770246
text__wall,0.05735415771748986,text,0.05735415771748986
text__wallet,1.186846210180983,text,1.186846210180983
text__wallets,0.9905729208433728,text,0.9905729208433728
text__walls,0.62434755066927,text,0.62434755066927
text__want,-0.31517370304833836,text,0.31517370304833836
text__wanted,0.10861730195201806,text,0.10861730195201806
text__wants,0.07029708790757584,text,0.07029708790757584
text__war,-0.2848973526073575,text,0.2848973526073575
text__warrior,-0.2244925219351052,text,0.2244925219351052
text__warriors,-0.2869519609758556,text,0.2869519609758556
text__wars,-0.3633748355117469,text,0.3633748355117469
text__washington,-0.05604563615221045,text,0.05604563615221045
text__waste,0.09844555361768965,text,0.09844555361768965
text__watch,1.3317217771354248,text,1.3317217771354248
text__watches,1.6707406519584895,text,1.6707406519584895
text__water,0.22212850389569058,text,0.22212850389569058
text__waterproof,0.6976891151506722,text,0.6976891151506722
text__wave,-0.12653678751168101,text,0.12653678751168101
text__waves,0.7376206904475285,text,0.7376206904475285
text__wax,0.36649100346970886,text,0.36649100346970886
text__way,0.15310374550659595,text,0.15310374550659595
text__ways,0.23935122543539616,text,0.23935122543539616
text__wear,-0.41519196596894464,text,0.41519196596894464
text__wearable,0.872736459250588,text,0.872736459250588
text__weather,0.48782287924944634,text,0.48782287924944634
text__web,0.5538740403942229,text,0.5538740403942229
text__webseries,0.6314080463011323,text,0.6314080463011323
text__website,-0.883607172981735,text,0.883607172981735
text__wedding,-0.0701077385495106,text,0.0701077385495106
text__week,0.3847123734789296,text,0.3847123734789296
text__weekend,0.15425166862707418,text,0.15425166862707418
text__weight,-0.4127084963899852,text,0.4127084963899852
text__weird,0.3271746718529563,text,0.3271746718529563
text__welcome,0.02732004396026477,text,0.02732004396026477
text__west,0.6200397488604644,text,0.6200397488604644
text__western,0.5922869349909592,text,0.5922869349909592
text__wheel,0.14127895667268697,text,0.14127895667268697
text__wheels,0.6313443984740005,text,0.6313443984740005
text__whiskey,0.8381626489386098,text,0.8381626489386098
text__white,0.26533969029210586,text,0.26533969029210586
text__wicked,0.2611963623954228,text,0.2611963623954228
text__wide,0.2610075921514671,text,0.2610075921514671
text__wifi,0.7508787270425541,text,0.7508787270425541
text__wild,0.4825047685330411,text,0.4825047685330411
text__wilderness,0.3582489283714064,text,0.3582489283714064
text__wildlife,-0.03274658096830462,text,0.03274658096830462
text__william,0.007210764806650369,text,0.007210764806650369
text__williams,0.10366269256554882,text,0.10366269256554882
text__win,-0.8784292615473095,text,0.8784292615473095
text__wind,0.11078470628975895,text,0.11078470628975895
text__window,-0.15472749002256658,text,0.15472749002256658
text__windows,-0.38450183961315937,text,0.38450183961315937
text__wine,0.1737153515250139,text,0.1737153515250139
text__wing,-0.03320850110836644,text,0.03320850110836644
text__wings,0.009822106626572995,text,0.009822106626572995
text__winning,-0.18656839238775466,text,0.18656839238775466
text__winter,0.5117205893343408,text,0.5117205893343408
text__wire,-0.17725321927126134,text,0.17725321927126134
text__wireless,1.102319598219286,text,1.102319598219286
text__wisdom,0.17731683975116308,text,0.17731683975116308
text__wish,0.0226519467506457,text,0.0226519467506457
text__witch,0.7375231635513864,text,0.7375231635513864
text__wizard,0.3164968452172266,text,0.3164968452172266
text__wolf,0.2115794086487885,text,0.2115794086487885
text__wolves,0.500586170646291,text,0.500586170646291
text__woman,-0.21091614230440092,text,0.21091614230440092
text__women,0.9054854009478571,text,0.9054854009478571
text__won,0.4451815489157672,text,0.4451815489157672
text__wonder,0.4634359058528713,text,0.4634359058528713
text__wonderful,0.0400475622484757,text,0.0400475622484757
text__wonderland,-0.07542663079461097,text,0.07542663079461097
text__wood,0.4098918353986766,text,0.4098918353986766
text__wooden,0.5422106796683462,text,0.5422106796683462
text__woods,0.00897189615428296,text,0.00897189615428296
text__word,-0.2586816861010163,text,0.2586816861010163
text__words,-0.24966824893868936,text,0.24966824893868936
text__work,0.2829450157708757,text,0.2829450157708757
text__working,0.05588856626169996,text,0.05588856626169996
text__workout,-0.12510650049937017,text,0.12510650049937017
text__works,0.6655783519169364,text,0.6655783519169364
text__workshop,0.552906238121495,text,0.552906238121495
text__world,0.19221628913,text,0.19221628913
text__worlds,0.08757518073445049,text,0.08757518073445049
text__worldwide,-0.7812161126557599,text,0.7812161126557599
text__worship,0.5965942556117738,text,0.5965942556117738
text__worth,0.2907337258837307,text,0.2907337258837307
text__wrap,0.08918708346514168,text,0.08918708346514168
text__wrestling,-0.5125262596728934,text,0.5125262596728934
text__write,-0.2284681601507952,text,0.2284681601507952
text__writer,-0.041110426334052104,text,0.041110426334052104
text__writers,0.7222473026376557,text,0.7222473026376557
text__writing,0.1604614603772684,text,0.1604614603772684
text__written,-0.036444009461551394,text,0.036444009461551394
text__wrong,-0.38558528979158146,text,0.38558528979158146
text__www,-1.176371608825998,text,1.176371608825998
text__ya,0.2550991883072309,text,0.2550991883072309
text__yard,0.104867778770088,text,0.104867778770088
text__yarn,0.8308261281133416,text,0.8308261281133416
text__year,0.531005428830681,text,0.531005428830681
text__years,0.5142201563916657,text,0.5142201563916657
text__yellow,0.373218635908727,text,0.373218635908727
text__yes,1.3532745482485489,text,1.3532745482485489
text__yo,0.004476057774790936,text,0.004476057774790936
text__yoga,0.76276063862667,text,0.76276063862667
text__york,-0.06734269024161647,text,0.06734269024161647
text__young,0.023557035325240165,text,0.023557035325240165
text__youth,0.12702412945386182,text,0.12702412945386182
text__youtube,-2.0355447724667814,text,2.0355447724667814
text__zealand,-0.2511845959775958,text,0.2511845959775958
text__zen,0.2546392852767914,text,0.2546392852767914
text__zero,0.6848845884106555,text,0.6848845884106555
text__zine,1.4851674617947694,text,1.4851674617947694
text__zombie,-0.38809157484234125,text,0.38809157484234125
text__zombies,-0.02727535443295102,text,0.02727535443295102
text__zone,-0.1522540869122325,text,0.1522540869122325
tab__num__usd_goal_real,-14.373606502856362,tabular,14.373606502856362
tab__num__duration_days,-0.22612873279561058,tabular,0.22612873279561058
tab__cat__category_3D Printing,0.5593562062425554,tabular,0.5593562062425554
tab__cat__category_Academic,-0.3063121983578316,tabular,0.3063121983578316
tab__cat__category_Accessories,0.05107817276359087,tabular,0.05107817276359087
tab__cat__category_Action,-0.8632715144695596,tabular,0.8632715144695596
tab__cat__category_Animals,-0.12452355535060747,tabular,0.12452355535060747
tab__cat__category_Animation,-0.1284643674133285,tabular,0.1284643674133285
tab__cat__category_Anthologies,0.8220515002532319,tabular,0.8220515002532319
tab__cat__category_Apparel,-0.18010079816464575,tabular,0.18010079816464575
tab__cat__category_Apps,-1.240756022771601,tabular,1.240756022771601
tab__cat__category_Architecture,-0.26951061510057495,tabular,0.26951061510057495
tab__cat__category_Art,0.07192764316613359,tabular,0.07192764316613359
tab__cat__category_Art Books,0.814463888789553,tabular,0.814463888789553
tab__cat__category_Audio,-0.4222930493061665,tabular,0.4222930493061665
tab__cat__category_Bacon,-0.5721535415055253,tabular,0.5721535415055253
tab__cat__category_Blues,0.025993951152143868,tabular,0.025993951152143868
tab__cat__category_Calendars,0.3040366227938316,tabular,0.3040366227938316
tab__cat__category_Camera Equipment,1.082783046136842,tabular,1.082783046136842
tab__cat__category_Candles,-0.7715039139284505,tabular,0.7715039139284505
tab__cat__category_Ceramics,0.24194521256686718,tabular,0.24194521256686718
tab__cat__category_Children's Books,0.1596854833338883,tabular,0.1596854833338883
tab__cat__category_Childrenswear,-0.22370337792340755,tabular,0.22370337792340755
tab__cat__category_Chiptune,1.2927620862987315,tabular,1.2927620862987315
tab__cat__category_Civic Design,0.1629945028675573,tabular,0.1629945028675573
tab__cat__category_Classical Music,0.8144149603799193,tabular,0.8144149603799193
tab__cat__category_Comedy,0.30242727808988923,tabular,0.30242727808988923
tab__cat__category_Comic Books,0.3756878462716637,tabular,0.3756878462716637
tab__cat__category_Comics,-0.07801631707325939,tabular,0.07801631707325939
tab__cat__category_Community Gardens,-0.5393192549678919,tabular,0.5393192549678919
tab__cat__category_Conceptual Art,-0.17743586429468636,tabular,0.17743586429468636
tab__cat__category_Cookbooks,-0.482205596271564,tabular,0.482205596271564
tab__cat__category_Country & Folk,0.5353348417656087,tabular,0.5353348417656087
tab__cat__category_Couture,-0.36759472976507246,tabular,0.36759472976507246
tab__cat__category_Crafts,-0.22090828044288635,tabular,0.22090828044288635
tab__cat__category_Crochet,-0.19338865290270485,tabular,0.19338865290270485
tab__cat__category_DIY,-0.5283316935847964,tabular,0.5283316935847964
tab__cat__category_DIY Electronics,0.796256041349263,tabular,0.796256041349263
tab__cat__category_Dance,0.9662577190831851,tabular,0.9662577190831851
tab__cat__category_Design,-0.08610191815806233,tabular,0.08610191815806233
tab__cat__category_Digital Art,-0.4512930718604232,tabular,0.4512930718604232
tab__cat__category_Documentary,0.2632872712433604,tabular,0.2632872712433604
tab__cat__category_Drama,0.28978045531885677,tabular,0.28978045531885677
tab__cat__category_Drinks,-0.4351833057337369,tabular,0.4351833057337369
tab__cat__category_Electronic Music,-0.612619984079362,tabular,0.612619984079362
tab__cat__category_Embroidery,-0.547641431734974,tabular,0.547641431734974
tab__cat__category_Events,-0.7126637776443471,tabular,0.7126637776443471
tab__cat__category_Experimental,-0.09792468591455614,tabular,0.09792468591455614
tab__cat__category_Fabrication Tools,0.16875069319242514,tabular,0.16875069319242514
tab__cat__category_Faith,-0.14967489218609742,tabular,0.14967489218609742
tab__cat__category_Family,-0.4774085388896575,tabular,0.4774085388896575
tab__cat__category_Fantasy,0.11978226318321353,tabular,0.11978226318321353
tab__cat__category_Farmer's Markets,-0.7364860300033672,tabular,0.7364860300033672
tab__cat__category_Farms,-0.5552331957594197,tabular,0.5552331957594197
tab__cat__category_Fashion,0.01352038215406857,tabular,0.01352038215406857
tab__cat__category_Festivals,0.04542285473511036,tabular,0.04542285473511036
tab__cat__category_Fiction,-0.3585002339302922,tabular,0.3585002339302922
tab__cat__category_Film & Video,0.05425315807755682,tabular,0.05425315807755682
tab__cat__category_Fine Art,0.13959764227736352,tabular,0.13959764227736352
tab__cat__category_Flight,0.022982403951576975,tabular,0.022982403951576975
tab__cat__category_Food,-0.11768851652582857,tabular,0.11768851652582857
tab__cat__category_Food Trucks,-1.000201252105922,tabular,1.000201252105922
tab__cat__category_Footwear,0.3855683056403676,tabular,0.3855683056403676
tab__cat__category_Gadgets,0.4377625544266952,tabular,0.4377625544266952
tab__cat__category_Games,-0.131187906712346,tabular,0.131187906712346
tab__cat__category_Gaming Hardware,0.07559109467714249,tabular,0.07559109467714249
tab__cat__category_Glass,0.04370732692816954,tabular,0.04370732692816954
tab__cat__category_Graphic Design,-0.16719667081191464,tabular,0.16719667081191464
tab__cat__category_Graphic Novels,0.18979479975897864,tabular,0.18979479975897864
tab__cat__category_Hardware,0.6616626549542988,tabular,0.6616626549542988
tab__cat__category_Hip-Hop,-1.4576003723955415,tabular,1.4576003723955415
tab__cat__category_Horror,-0.14310079315694385,tabular,0.14310079315694385
tab__cat__category_Illustration,0.3262805658769441,tabular,0.3262805658769441
tab__cat__category_Immersive,-0.06113208560287996,tabular,0.06113208560287996
tab__cat__category_Indie Rock,0.5697067104765816,tabular,0.5697067104765816
tab__cat__category_Installations,0.39599720000332206,tabular,0.39599720000332206
tab__cat__category_Interactive Design,-0.7046168902955501,tabular,0.7046168902955501
tab__cat__category_Jazz,0.6238819389172228,tabular,0.6238819389172228
tab__cat__category_Jewelry,-0.2566930547021228,tabular,0.2566930547021228
tab__cat__category_Journalism,-0.5532668438204128,tabular,0.5532668438204128
tab__cat__category_Kids,0.14221077101160798,tabular,0.14221077101160798
tab__cat__category_Knitting,0.7278794246351603,tabular,0.7278794246351603
tab__cat__category_Latin,-0.33065160134328725,tabular,0.33065160134328725
tab__cat__category_Letterpress,0.8123144076973051,tabular,0.8123144076973051
tab__cat__category_Literary Journals,0.6389221647258176,tabular,0.6389221647258176
tab__cat__category_Literary Spaces,1.1928529942658679,tabular,1.1928529942658679
tab__cat__category_Live Games,-0.37599908269509497,tabular,0.37599908269509497
tab__cat__category_Makerspaces,0.3383284356960788,tabular,0.3383284356960788
tab__cat__category_Metal,-0.26705484497889737,tabular,0.26705484497889737
tab__cat__category_Mixed Media,-0.21535110745349445,tabular,0.21535110745349445
tab__cat__category_Mobile Games,-1.3105319889166203,tabular,1.3105319889166203
tab__cat__category_Movie Theaters,-0.16761597404391002,tabular,0.16761597404391002
tab__cat__category_Music,0.0469235402319663,tabular,0.0469235402319663
tab__cat__category_Music Videos,0.032411590364831475,tabular,0.032411590364831475
tab__cat__category_Musical,-0.18398519378583297,tabular,0.18398519378583297
tab__cat__category_Narrative Film,0.40142590688089075,tabular,0.40142590688089075
tab__cat__category_Nature,-0.5094030217738648,tabular,0.5094030217738648
tab__cat__category_Nonfiction,-0.13241791441190734,tabular,0.13241791441190734
tab__cat__category_Painting,-0.15906513433981145,tabular,0.15906513433981145
tab__cat__category_People,-0.23066597734459623,tabular,0.23066597734459623
tab__cat__category_Performance Art,0.20218566974957278,tabular,0.20218566974957278
tab__cat__category_Performances,0.7908407938273507,tabular,0.7908407938273507
tab__cat__category_Periodicals,0.37819848219942465,tabular,0.37819848219942465
tab__cat__category_Pet Fashion,0.3994992464418476,tabular,0.3994992464418476
tab__cat__category_Photo,-1.1048860401918217,tabular,1.1048860401918217
tab__cat__category_Photobooks,0.610788538127788,tabular,0.610788538127788
tab__cat__category_Photography,0.22940796691938017,tabular,0.22940796691938017
tab__cat__category_Places,-0.6062303348764179,tabular,0.6062303348764179
tab__cat__category_Playing Cards,0.22101523336008438,tabular,0.22101523336008438
tab__cat__category_Plays,-0.0031871011249319653,tabular,0.0031871011249319653
tab__cat__category_Poetry,0.15590043806160098,tabular,0.15590043806160098
tab__cat__category_Pop,0.0009729998413216048,tabular,0.0009729998413216048
tab__cat__category_Pottery,0.544157744138425,tabular,0.544157744138425
tab__cat__category_Print,-0.8439847060962116,tabular,0.8439847060962116
tab__cat__category_Printing,-0.35436069385218194,tabular,0.35436069385218194
tab__cat__category_Product Design,0.10450183076578368,tabular,0.10450183076578368
tab__cat__category_Public Art,0.45474248818231217,tabular,0.45474248818231217
tab__cat__category_Publishing,-0.012899209935343346,tabular,0.012899209935343346
tab__cat__category_Punk,-0.00982903555122669,tabular,0.00982903555122669
tab__cat__category_Puzzles,0.21992332993764482,tabular,0.21992332993764482
tab__cat__category_Quilts,-0.19408124837775376,tabular,0.19408124837775376
tab__cat__category_R&B,-0.9037898054396882,tabular,0.9037898054396882
tab__cat__category_Radio & Podcasts,0.7895128287189748,tabular,0.7895128287189748
tab__cat__category_Ready-to-wear,-0.31537744917942445,tabular,0.31537744917942445
tab__cat__category_Residencies,0.9808072232356602,tabular,0.9808072232356602
tab__cat__category_Restaurants,-0.5326221686021336,tabular,0.5326221686021336
tab__cat__category_Robots,0.6334157957601546,tabular,0.6334157957601546
tab__cat__category_Rock,0.1025291872980107,tabular,0.1025291872980107
tab__cat__category_Romance,-0.18112598294243099,tabular,0.18112598294243099
tab__cat__category_Science Fiction,0.2733900741648524,tabular,0.2733900741648524
tab__cat__category_Sculpture,0.018728051996763515,tabular,0.018728051996763515
tab__cat__category_Shorts,0.6724474393237926,tabular,0.6724474393237926
tab__cat__category_Small Batch,-0.1204315616250297,tabular,0.1204315616250297
tab__cat__category_Software,-0.657975982108238,tabular,0.657975982108238
tab__cat__category_Sound,1.049230714020744,tabular,1.049230714020744
tab__cat__category_Space Exploration,0.8165124145697558,tabular,0.8165124145697558
tab__cat__category_Spaces,0.06527682688862926,tabular,0.06527682688862926
tab__cat__category_Stationery,0.3024524300056437,tabular,0.3024524300056437
tab__cat__category_Tabletop Games,1.2901298776258778,tabular,1.2901298776258778
tab__cat__category_Taxidermy,-0.20091842619400332,tabular,0.20091842619400332
tab__cat__category_Technology,-0.025842612940424767,tabular,0.025842612940424767
tab__cat__category_Television,-0.6301486941011062,tabular,0.6301486941011062
tab__cat__category_Textiles,-0.3503911951499512,tabular,0.3503911951499512
tab__cat__category_Theater,0.15707740082352722,tabular,0.15707740082352722
tab__cat__category_Thrillers,-0.20544816710922884,tabular,0.20544816710922884
tab__cat__category_Translations,-0.1161626299411033,tabular,0.1161626299411033
tab__cat__category_Typography,0.965977135917074,tabular,0.965977135917074
tab__cat__category_Vegan,0.07563666594060112,tabular,0.07563666594060112
tab__cat__category_Video,-1.5650946705637985,tabular,1.5650946705637985
tab__cat__category_Video Art,-0.3971699951040632,tabular,0.3971699951040632
tab__cat__category_Video Games,-0.19624471371978564,tabular,0.19624471371978564
tab__cat__category_Wearables,0.734653669258005,tabular,0.734653669258005
tab__cat__category_Weaving,0.16513549000056804,tabular,0.16513549000056804
tab__cat__category_Web,-1.1295559693349164,tabular,1.1295559693349164
tab__cat__category_Webcomics,0.059721396844689544,tabular,0.059721396844689544
tab__cat__category_Webseries,-0.16879066107361554,tabular,0.16879066107361554
tab__cat__category_Woodworking,-0.4291078762553888,tabular,0.4291078762553888
tab__cat__category_Workshops,-0.24543495918166602,tabular,0.24543495918166602
tab__cat__category_World Music,0.012149627565802023,tabular,0.012149627565802023
tab__cat__category_Young Adult,-0.5164483863596455,tabular,0.5164483863596455
tab__cat__category_Zines,0.3778870562157985,tabular,0.3778870562157985
tab__cat__main_category_Art,-0.0388995366697111,tabular,0.0388995366697111
tab__cat__main_category_Comics,0.5019862743941087,tabular,0.5019862743941087
tab__cat__main_category_Crafts,-0.462407718307301,tabular,0.462407718307301
tab__cat__main_category_Dance,0.1371421073536458,tabular,0.1371421073536458
tab__cat__main_category_Design,0.006047375185805927,tabular,0.006047375185805927
tab__cat__main_category_Fashion,-0.4938033027370355,tabular,0.4938033027370355
tab__cat__main_category_Film & Video,-0.11820412052433153,tabular,0.11820412052433153
tab__cat__main_category_Food,-0.22561394708195792,tabular,0.22561394708195792
tab__cat__main_category_Games,-0.20730415644695488,tabular,0.20730415644695488
tab__cat__main_category_Journalism,0.2083687785414519,tabular,0.2083687785414519
tab__cat__main_category_Music,0.20103983434234485,tabular,0.20103983434234485
tab__cat__main_category_Photography,-0.4910287420188404,tabular,0.4910287420188404
tab__cat__main_category_Publishing,-0.35079202740280185,tabular,0.35079202740280185
tab__cat__main_category_Technology,-0.45033004611330757,tabular,0.45033004611330757
tab__cat__main_category_Theater,0.7751708961695574,tabular,0.7751708961695574
tab__cat__currency_AUD,-0.18389413643221547,tabular,0.18389413643221547
tab__cat__currency_CAD,0.07073681452820614,tabular,0.07073681452820614
tab__cat__currency_CHF,-0.09489437557155693,tabular,0.09489437557155693
tab__cat__currency_DKK,0.18968083889719778,tabular,0.18968083889719778
tab__cat__currency_EUR,-0.4664679216463101,tabular,0.4664679216463101
tab__cat__currency_GBP,0.3640297064363419,tabular,0.3640297064363419
tab__cat__currency_HKD,0.038463258097729575,tabular,0.038463258097729575
tab__cat__currency_JPY,-0.34742140043445885,tabular,0.34742140043445885
tab__cat__currency_MXN,-0.22697556122327173,tabular,0.22697556122327173
tab__cat__currency_NOK,-0.14915853715311947,tabular,0.14915853715311947
tab__cat__currency_NZD,-0.08476914970842321,tabular,0.08476914970842321
tab__cat__currency_SEK,-0.21410732971403262,tabular,0.21410732971403262
tab__cat__currency_SGD,-0.06886573652696282,tabular,0.06886573652696282
tab__cat__currency_USD,0.16501519932710104,tabular,0.16501519932710104
tab__cat__country_AT,-0.048672494323820155,tabular,0.048672494323820155
tab__cat__country_AU,-0.09193303866030206,tabular,0.09193303866030206
tab__cat__country_BE,0.21464868593948833,tabular,0.21464868593948833
tab__cat__country_CA,-0.27335511610301033,tabular,0.27335511610301033
tab__cat__country_CH,-0.09489437557155683,tabular,0.09489437557155683
tab__cat__country_DE,0.0916626801456023,tabular,0.0916626801456023
tab__cat__country_DK,-0.058103430474473784,tabular,0.058103430474473784
tab__cat__country_ES,-0.07936443455310686,tabular,0.07936443455310686
tab__cat__country_FR,0.5188362679818825,tabular,0.5188362679818825
tab__cat__country_GB,-0.41794268666155476,tabular,0.41794268666155476
tab__cat__country_HK,0.03846325809772956,tabular,0.03846325809772956
tab__cat__country_IE,0.15749691661885337,tabular,0.15749691661885337
tab__cat__country_IT,-0.43169095524107265,tabular,0.43169095524107265
tab__cat__country_JP,-0.34742140043445885,tabular,0.34742140043445885
tab__cat__country_LU,0.5241838750053972,tabular,0.5241838750053972
tab__cat__country_MX,-0.22697556122327175,tabular,0.22697556122327175
"tab__cat__country_N,0""",-0.1499181324115802,tabular,0.1499181324115802
tab__cat__country_NL,0.11256672586785738,tabular,0.11256672586785738
tab__cat__country_NO,-0.21068462268062507,tabular,0.21068462268062507
tab__cat__country_NZ,-0.08476914970842314,tabular,0.08476914970842314
tab__cat__country_SE,0.03293238870186058,tabular,0.03293238870186058
tab__cat__country_SG,-0.06886573652696282,tabular,0.06886573652696282
tab__cat__country_US,-0.11482799489107157,tabular,0.11482799489107157
