feature,coef,block
text__abstract,-1.1377581979193185,text
text__academy,-0.430940302819584,text
text__access,0.10570450855710478,text
text__accessories,-0.3941786807493282,text
text__accessory,-0.4948672121541159,text
text__acoustic,0.2556050246690996,text
text__acrylic,-0.18297570515165398,text
text__act,0.4159444253588985,text
text__action,-0.2644944519836282,text
text__active,0.12816216007304054,text
text__ad,0.24944670802382207,text
text__adam,0.22138829313715094,text
text__adapter,0.09662935632944662,text
text__add,-0.07643694125847181,text
text__addiction,-0.9356679119911046,text
text__adjustable,0.040163314343722264,text
text__adult,-0.46573321288276803,text
text__adults,0.046273163016065905,text
text__advanced,0.7398401465870623,text
text__adventure,0.12028290630906327,text
text__adventures,-0.7030753576174628,text
text__aerial,-0.03207179912766733,text
text__affordable,0.09777947534610872,text
text__africa,-0.3326357168905826,text
text__african,-0.48299752458630896,text
text__age,-0.2003505269340302,text
text__agent,-0.47493658533124716,text
text__ages,-0.04055558862924812,text
text__aid,-0.9114898987497204,text
text__air,0.246348257623142,text
text__aka,-0.6314632517892549,text
text__al,0.11988629036776621,text
text__alarm,-0.5329704640370256,text
text__alaska,0.4091189575102881,text
text__album,0.6041034191735951,text
text__alex,0.3509142134363821,text
text__alexander,0.08879698678218842,text
text__alice,0.4470877713561285,text
text__alien,-0.8790593486862988,text
text__alive,-0.2149262805345154,text
text__alpha,-0.5375402586351392,text
text__alphabet,0.3796289728861641,text
text__alternative,0.029013457526255775,text
text__aluminum,-0.16325630145953254,text
text__amazing,-0.9126257055440914,text
text__amazon,0.10562053086608413,text
text__america,-0.5951738112557352,text
text__american,-0.22602295451276708,text
text__amy,1.4950462371422881,text
text__analog,-0.09434716358343881,text
text__ancient,-0.06644930972537066,text
text__andrew,0.3860726293341066,text
text__android,-0.3590533012326372,text
text__andy,0.3101149465981664,text
text__angel,-0.6091292055526879,text
text__angeles,-0.29869341099719837,text
text__angels,-0.5616848435173447,text
text__animal,0.01896044394659767,text
text__animals,0.006272973016765912,text
text__animated,0.20011700632133905,text
text__animation,-0.24140144976269462,text
text__anime,-0.052595314952305225,text
text__anna,1.1277407499232244,text
text__anniversary,0.4753130532871634,text
text__annual,0.4450789452057025,text
text__anthology,1.2761425611196047,text
text__anthony,-0.6418454923687383,text
text__anti,-0.10184281000825438,text
text__apocalypse,-0.28989941199049146,text
text__apocalyptic,-0.3145245629309683,text
text__app,-0.6715773840239844,text
text__apparel,-0.6791299613388578,text
text__apple,-0.3727714266053346,text
text__application,-0.964401745831824,text
text__apps,0.5595670186289664,text
text__arcade,0.02062156221295634,text
text__architecture,0.8229641496653791,text
text__archive,1.1062358413703524,text
text__arctic,2.09827085055413,text
text__arduino,0.4537292858549871,text
text__area,0.005826719381737543,text
text__arena,-0.6837622575873402,text
text__arm,-0.05939486375212967,text
text__arms,-0.18277191036816548,text
text__army,-1.070906979987906,text
text__art,-0.34590592735572884,text
text__artbook,1.197610348288444,text
text__artisan,0.7305052186912707,text
text__artist,-0.8721607489454984,text
text__artistic,-1.4797758890546255,text
text__artists,-0.02630354714974642,text
text__arts,-0.43873868929865106,text
text__artwork,-1.0252038536768313,text
text__asian,0.7250147014661213,text
text__ass,-0.9014577968876611,text
text__athletic,0.23639218076854185,text
text__atlanta,-0.6690692709841431,text
text__atlas,1.479690565796471,text
text__attack,-0.08661773606041372,text
text__audio,-0.88184448827988,text
text__audiobook,-0.13461508203920314,text
text__augmented,1.0052755691091766,text
text__austin,0.19287641922487223,text
text__australia,-0.025919191137470543,text
text__australian,-0.4342071483064019,text
text__authentic,-0.06950483008044675,text
text__author,-0.7573417737891714,text
text__autism,-0.502054862837191,text
text__auto,0.10665978094600229,text
text__automatic,0.300005207077075,text
text__autumn,-0.2838019835374322,text
text__avenue,0.062397487603419094,text
text__awakening,-0.4057544546962523,text
text__award,-0.4635285669524764,text
text__awareness,-1.6119234626617496,text
text__away,-0.1282955758487026,text
text__awesome,0.059051818173631476,text
text__babies,-0.18588291403232574,text
text__baby,-0.3442801110056773,text
text__backpack,1.1883800945686456,text
text__backyard,-0.10491033839892208,text
text__bacon,-0.4675315974674567,text
text__bad,-0.26183564063002446,text
text__bag,0.18337506055991062,text
text__bags,0.1577423602283102,text
text__bake,-0.42629024212063815,text
text__baked,-1.2941880175562754,text
text__bakery,0.3175247169505673,text
text__baking,0.20448415462954642,text
text__balance,-0.5892677458007166,text
text__ball,-0.823796878180439,text
text__ballet,-0.2469697860764592,text
text__balloon,-0.22344002750792435,text
text__balls,-0.2877308909490928,text
text__bamboo,0.1410159892606178,text
text__banana,-0.9658112857879406,text
text__band,-0.5498718227945998,text
text__bands,-1.3854862186972812,text
text__bang,0.5407576279289474,text
text__bank,-0.8131596990906731,text
text__bar,0.12784366504443007,text
text__barn,-0.3771177389331378,text
text__barrel,0.5737526596709221,text
text__bars,0.6682222850279879,text
text__base,-0.3029218762468181,text
text__baseball,-0.6217575129141608,text
text__based,-0.8627602750906439,text
text__basketball,-1.0584145476620723,text
text__bass,-0.23112981199119573,text
text__batch,0.45096795746232254,text
text__bath,-0.6484720368517083,text
text__battery,0.5116933986679043,text
text__battle,-0.576338327065029,text
text__bay,-0.3464379326710464,text
text__bbq,-0.9051444898138145,text
text__beach,-0.3252942474896244,text
text__bean,-0.30774476299446074,text
text__bear,-0.1666673917805202,text
text__beard,0.05820672230805114,text
text__beast,0.6278356914135406,text
text__beat,0.2259580212246225,text
text__beautiful,-0.26416163140266136,text
text__beauty,-0.6366993735526221,text
text__bed,-0.29325079698736395,text
text__bee,0.19705930477294958,text
text__beef,0.15994826966155948,text
text__beer,0.16950830048242457,text
text__bees,0.1851123775075131,text
text__beginning,-1.0617799839086512,text
text__believe,-0.16769138495815716,text
text__bell,0.8285732695711762,text
text__bella,-0.0530864375194437,text
text__belt,0.6185279307907506,text
text__ben,0.40328224380701405,text
text__beneath,-0.2152266595626445,text
text__berlin,0.9696397178310392,text
text__best,-0.04844095742611011,text
text__better,0.1867471953360222,text
text__bible,-0.17349030214220673,text
text__bicycle,0.15229151287819895,text
text__big,0.016693372180151735,text
text__bigger,0.4743609439098813,text
text__bike,0.6924135483739247,text
text__bikes,-0.006936114855763155,text
text__billy,0.0022579020471128457,text
text__bird,-0.1725485018579764,text
text__birds,0.46202534101772463,text
text__birth,-0.6378666128482215,text
text__birthday,-0.1085315591523122,text
text__bistro,-0.2811131075690361,text
text__bit,0.16419350379032716,text
text__bite,-0.3868028927238024,text
text__black,-0.3563604901855521,text
text__blade,0.5726541058219428,text
text__blank,-0.3067280998480209,text
text__blanket,0.4908844487853504,text
text__blind,-0.0426643260431568,text
text__bliss,-0.4242315996036526,text
text__block,0.11024501787283206,text
text__blocks,0.3375404183572712,text
text__blog,-0.8683506255994264,text
text__blood,-0.21943565255118536,text
text__blue,-0.10937758420432493,text
text__blues,-0.6056352393757575,text
text__bluetooth,0.07214226198184935,text
text__board,-0.37062983478795547,text
text__boards,0.18632391675528975,text
text__boat,-0.4466335223867665,text
text__bob,-0.40792489444994595,text
text__body,-0.47700152161114934,text
text__bold,0.4740841783598761,text
text__bomb,0.04285470950543966,text
text__bone,0.18470169762264294,text
text__bones,0.3101121250210769,text
text__book,0.473552866700397,text
text__books,0.32140625849492377,text
text__boom,0.5408326980768151,text
text__booth,0.4875601419652659,text
text__boots,0.04406712833480496,text
text__borders,0.09430536724166183,text
text__born,-0.2702575873045783,text
text__boss,-0.25389930036843383,text
text__boston,0.7373205163334579,text
text__bottle,0.4426813132605596,text
text__bound,0.08799009283808665,text
text__boutique,-1.4880795730387946,text
text__bow,0.46618187236753605,text
text__bowl,-0.19674253886658025,text
text__bowls,1.4291657008129228,text
text__box,-0.36914553748692147,text
text__boxes,-0.08884988100142793,text
text__boy,0.16730313378076297,text
text__boys,-0.3156582426306692,text
text__bracelet,0.09968733238770339,text
text__bracelets,-0.23512186465496818,text
text__brain,0.2618471648107376,text
text__brand,-0.8992877743510019,text
text__brass,1.0873747202265485,text
text__brave,0.1992255090474701,text
text__bread,0.541189702349526,text
text__break,-0.41931108204662026,text
text__breakfast,0.05427705903841102,text
text__breaking,-0.526246581248231,text
text__brew,0.1784661489952911,text
text__brewery,0.4380615845817723,text
text__brewing,1.853186054286505,text
text__brian,0.09215234970015934,text
text__brick,0.1273765127207066,text
text__bridge,0.7759844848517913,text
text__bright,0.6133989366449945,text
text__bring,-0.16100490825639066,text
text__bringing,-0.4578755118239825,text
text__brings,0.36527343389886513,text
text__british,0.17483648842022814,text
text__broadway,0.04793451411779267,text
text__broken,-0.019622730100939113,text
text__bronze,-0.575071074356172,text
text__brooklyn,1.2086336319537074,text
text__brother,-0.5359618056854987,text
text__brothers,-0.09201572302097334,text
text__brown,-0.3430582916215385,text
text__brush,-1.0679547764927826,text
text__bubble,-0.22653489707114846,text
text__buddy,-0.8801386154539467,text
text__budget,-2.004040743446794,text
text__buffalo,0.5616066968400145,text
text__bug,0.38684809933371916,text
text__build,0.2211733464092242,text
text__building,0.06671224867530205,text
text__built,0.6008513180537663,text
text__bull,0.2490993433344044,text
text__bullying,-1.3999094127555969,text
text__bunny,0.22046086164242107,text
text__burger,-0.3821505081719789,text
text__burlesque,0.1619918995055882,text
text__burn,0.198993884938547,text
text__burning,1.549776503761301,text
text__bus,0.34257400030843127,text
text__business,-0.7463444896739373,text
text__bust,0.4274625074825723,text
text__butter,-0.1217079553940766,text
text__butterfly,-0.5098464322470687,text
text__button,-0.10214289741632235,text
text__buy,-0.19121547010472512,text
text__ca,-0.8411899268196467,text
text__cabaret,0.29920914180296176,text
text__cable,0.9839898336925076,text
text__caf,0.8347592213108084,text
text__cafe,-0.03068695967914397,text
text__cake,-0.71210074684141,text
text__cakes,-1.3872304589164803,text
text__calendar,0.01787001885567254,text
text__california,-0.3909094892879809,text
text__called,-0.5874368652941893,text
text__calling,-0.03286060498489496,text
text__came,-0.06484711766475985,text
text__camera,0.6632535037742305,text
text__cameras,1.1458736676076564,text
text__camp,0.40986512336754627,text
text__campaign,0.1357709757326695,text
text__canada,0.05658054153905798,text
text__canadian,-0.1437641421114004,text
text__cancer,-0.05687785581169427,text
text__candle,-0.6308812001577403,text
text__candles,-0.6487236639644387,text
text__candy,-0.6877183636567753,text
text__canvas,-1.0552519708958021,text
text__cap,-0.5679489309151726,text
text__captain,-0.6326919383161758,text
text__capture,-0.3283537461583918,text
text__capturing,-0.8670455065150469,text
text__car,-0.7252629174518187,text
text__carbon,0.33756698825297354,text
text__card,-0.43431056410551533,text
text__cards,0.3509961460891821,text
text__care,-0.503071761950618,text
text__career,-1.4802821760517815,text
text__carry,0.5953732586876302,text
text__cars,-0.8139737076632073,text
text__cart,0.2879919424323452,text
text__cartoon,-0.7136591712518273,text
text__case,-0.9709297033424726,text
text__cases,-0.9626118794656814,text
text__cash,0.08879518868426946,text
text__cast,1.4886614830143,text
text__castle,0.2234688070082324,text
text__casual,-0.07741008190684105,text
text__cat,0.06235504832059495,text
text__catch,-0.10253721921781112,text
text__catering,-1.1740504153182274,text
text__cats,0.09344106622190164,text
text__cause,-0.08222039457180902,text
text__cave,0.2864421667011662,text
text__cd,-0.13450304680625366,text
text__celebrating,0.4502290044485408,text
text__celebration,-0.7617841546319034,text
text__cell,-0.4788858231930928,text
text__center,0.12678401595967959,text
text__central,0.2861064638788437,text
text__centre,-1.087449778755998,text
text__century,0.003850052271853965,text
text__ceramic,0.3320542136727076,text
text__ceramics,0.5461856265323538,text
text__chain,-1.1079723939157584,text
text__chair,-0.26043676026938484,text
text__challenge,-1.0322434422059334,text
text__chamber,0.13154386536253093,text
text__chance,-0.2914930280073638,text
text__change,-0.08135630882896375,text
text__changing,-0.2281322624640078,text
text__channel,-0.8040610703581478,text
text__chaos,-0.06228610181842229,text
text__chapter,0.3370588667503321,text
text__character,-0.21062930848453254,text
text__charge,0.14029970696767236,text
text__charger,0.43984515904265337,text
text__charging,0.739332436105563,text
text__charles,-0.6272277230632333,text
text__charlie,0.6154462599091891,text
text__charms,0.44348569330582027,text
text__chase,-0.16649495725786928,text
text__chasing,0.29352020220709246,text
text__check,-1.0619907317672719,text
text__cheese,0.5378437319802513,text
text__chef,-0.1981261944773741,text
text__chess,-1.3888676074264683,text
text__chic,-0.6657624958704997,text
text__chicago,0.29082478673608797,text
text__chicken,-1.1207426764870687,text
text__child,-0.41369217670316305,text
text__children,-0.45643302613818415,text
text__childrens,-2.4452910186134664,text
text__china,-0.11516734453278514,text
text__chinese,0.12217658001071748,text
text__chocolate,0.457450080025143,text
text__choice,-1.1000870846275892,text
text__choir,0.05594665940287976,text
text__choose,-0.18470703867126137,text
text__chris,0.6260294434700967,text
text__christ,-1.214041457505674,text
text__christian,-1.556533280359097,text
text__christmas,-0.7400890741163113,text
text__chronicles,-0.43352699958553287,text
text__church,0.09089273296174284,text
text__cinema,0.7295854847219846,text
text__circle,0.0625423268716362,text
text__circus,0.5708302816580209,text
text__cities,-0.11140471529268403,text
text__citizen,0.3654375467416469,text
text__city,0.20998739574470013,text
text__civil,-1.166523762321814,text
text__class,-0.5088308621623148,text
text__classic,0.036296944953267025,text
text__classical,-0.709322495421695,text
text__classroom,-0.24776574067223178,text
text__clay,0.30875689575019244,text
text__clean,-0.6358264619173052,text
text__clear,0.194924174894527,text
text__click,0.6031811446404118,text
text__climate,1.2719785720834167,text
text__clip,-0.3906413388257227,text
text__clock,0.6008997468342964,text
text__close,0.052684996632997916,text
text__closet,-0.639708664115599,text
text__clothes,-0.32868229597332754,text
text__clothing,-1.3569590136685463,text
text__cloud,-0.05945287223542663,text
text__clown,-0.40953831680946085,text
text__club,-0.15090932316872235,text
text__cnc,0.09956011896312914,text
text__coast,-0.5403654176815208,text
text__cocktail,1.0196620374619547,text
text__code,0.09225158185464774,text
text__coffee,0.15983573311253435,text
text__coin,0.43902633656152606,text
text__coins,0.6391918101950639,text
text__cold,0.4135167286271592,text
text__collaboration,0.5060031609747362,text
text__collaborative,0.0009801276053843398,text
text__collar,-0.47757754642957784,text
text__collectible,-0.43865153451327604,text
text__collection,0.3212889770209889,text
text__collective,0.7369292332212212,text
text__collector,0.4643288377726833,text
text__college,-0.5269953039218742,text
text__color,-0.11503418120954134,text
text__colorado,-0.2542863468736687,text
text__colorful,-0.18915187951286283,text
text__coloring,-0.11773714623199605,text
text__colors,-0.14201210115066626,text
text__colour,-0.12721452234626085,text
text__com,-1.2222968478015912,text
text__combat,-0.11922958242173112,text
text__come,-0.24303799665999692,text
text__comedy,-0.0007927042440708429,text
text__comes,0.10816991920781599,text
text__comfort,-0.2234780847896628,text
text__comfortable,0.9122034063013791,text
text__comic,-0.6497944735508732,text
text__comics,-0.16438994235326465,text
text__coming,-0.1325932073297263,text
text__commissions,0.035603421337852374,text
text__common,-0.22320560915925833,text
text__communication,-0.24975912689352553,text
text__community,0.22433295872663941,text
text__compact,0.3763172808198887,text
text__companion,0.6184039993560692,text
text__company,-0.11833164907836766,text
text__compatible,0.4677738203447499,text
text__competition,-0.9631786684993957,text
text__compilation,-0.7912828156063427,text
text__complete,0.2753757209092772,text
text__completion,0.13442037608450375,text
text__computer,0.11399076082477706,text
text__concept,-1.0034906202543863,text
text__concert,-0.6921731367773958,text
text__concrete,-0.15412594958016873,text
text__conference,0.11002453229778855,text
text__confessions,-0.9852842367993117,text
text__connect,-0.3796651890760627,text
text__connected,0.5886814529119974,text
text__connecting,0.31638735103477517,text
text__connection,-0.1314966306609407,text
text__conservation,-0.1329287789088184,text
text__console,0.14932249942038855,text
text__construction,0.5548585923912356,text
text__contact,-0.8173680805741117,text
text__contemporary,-0.4209758623135294,text
text__contest,-3.220976118087667,text
text__control,-0.03529197453832592,text
text__controlled,0.05783534895955234,text
text__controller,0.07316349285133149,text
text__convention,0.42748644315841816,text
text__cook,0.14607219854242548,text
text__cookbook,0.6810306338537143,text
text__cookie,0.04877003968538102,text
text__cookies,-0.5076503323608303,text
text__cooking,-0.38164314143873124,text
text__cool,-0.313753186581282,text
text__cooler,-0.6454118040156711,text
text__coolest,-0.26912107379910366,text
text__copper,0.2628752399644445,text
text__core,0.9469952618146937,text
text__corner,-0.386110260073343,text
text__cosmic,0.17477284310659377,text
text__cosplay,-0.7677715763934917,text
text__cost,-1.7423388404314368,text
text__cotton,0.6874636470816919,text
text__country,-0.552509188369825,text
text__county,-0.7054238171122967,text
text__course,0.5657767964280225,text
text__couture,-0.9654517944206625,text
text__cover,-0.6216448653159224,text
text__covers,-0.208758262617318,text
text__cowboy,-0.706878839382552,text
text__craft,0.11649413092930193,text
text__crafted,0.2743305461468904,text
text__crafts,-1.2012102505815632,text
text__crazy,-0.7657919588661534,text
text__cream,0.3481425935145307,text
text__create,-0.2009920692023317,text
text__created,0.31956090220295635,text
text__creates,0.0005266243844890897,text
text__creating,-1.0963883064687616,text
text__creation,-1.0276744882284394,text
text__creations,-1.4898702459593205,text
text__creative,-0.36107152433577216,text
text__creativity,-0.5739837643963649,text
text__creator,0.25526713967751163,text
text__creature,0.8250276922698402,text
text__creatures,-0.07529264594752413,text
text__creek,-0.24381148269165442,text
text__crew,-0.5904778554598609,text
text__crime,0.0854473435421565,text
text__crisis,-0.0008556208483222237,text
text__cross,-0.44555500865114633,text
text__crossing,0.9057708276069131,text
text__crowd,-0.44279030120404694,text
text__crown,0.06531189041446961,text
text__crystal,-0.15341437697522492,text
text__cthulhu,2.065585860202555,text
text__cuba,0.8198037679132723,text
text__cube,-0.3063084000692856,text
text__cuisine,-1.294727055635284,text
text__culinary,-0.8626410112693536,text
text__cultural,-0.8021507428683354,text
text__culture,-0.3773809725149253,text
text__cup,0.1781312691916495,text
text__cupcake,-0.7934889206291593,text
text__cupcakes,-1.0767231156923118,text
text__curse,-0.026238738381761436,text
text__custom,-1.213198252538097,text
text__customizable,-0.09685322230688911,text
text__customized,0.23596275448098436,text
text__cut,0.36497313097390044,text
text__cute,-0.18197896905822714,text
text__cutting,-0.4220333152449142,text
text__cycle,0.5069601687794115,text
text__cycling,0.8689567907324642,text
text__da,-0.761789623524496,text
text__dad,-0.1895318011422233,text
text__daddy,-0.8980541838481784,text
text__daily,-0.12144072443533578,text
text__dan,0.6643469794806426,text
text__dance,-0.14944436766886493,text
text__dancers,-0.5063269364073573,text
text__dancing,-0.8105422733460184,text
text__daniel,0.991991644089844,text
text__dare,-0.7324447831818381,text
text__dark,-0.003182831754252118,text
text__darkness,-0.8948247145857751,text
text__das,0.07378248907897689,text
text__data,-0.11032135395237541,text
text__date,-0.8613596917762654,text
text__dating,-0.6587398073400903,text
text__daughter,0.5165307063225109,text
text__dave,0.44583910480946415,text
text__david,0.13533472679918163,text
text__davis,0.7124735314978242,text
text__dawn,-0.47142010878213664,text
text__day,-0.002346902293790284,text
text__days,-0.2111348175048795,text
text__dc,0.3172255005618718,text
text__dead,0.010711405591956599,text
text__deal,-1.3422654216399592,text
text__dear,0.5819731407800994,text
text__death,-0.11585982152936598,text
text__debut,0.5397456571432668,text
text__deck,-0.12854909694063515,text
text__decor,-0.7475368369309514,text
text__deep,0.3711316309661107,text
text__defense,-0.7261921791083861,text
text__degree,1.6011751012099646,text
text__del,0.36138891285967234,text
text__delicious,-0.11986604115380974,text
text__delivered,0.3855877326467169,text
text__delivery,-0.690089770131545,text
text__deluxe,0.7143793310027455,text
text__demand,-0.2999507499352645,text
text__demo,-1.3313408171645478,text
text__demon,-0.213192271047696,text
text__denim,1.42572354294474,text
text__denver,0.41771135317476965,text
text__der,-0.39080536534258187,text
text__desert,0.3515339697718563,text
text__design,-0.4676978306766202,text
text__designed,0.44261131092740114,text
text__designer,-0.8347041861689586,text
text__designs,-0.6795529818497693,text
text__desk,0.30987807958112845,text
text__desktop,1.2074372412747396,text
text__destiny,-0.2477970510963806,text
text__detective,-0.7448697464912806,text
text__detroit,0.5472792199925018,text
text__development,-0.8644943829677276,text
text__device,-0.11660335743020485,text
text__devices,0.02582159866135872,text
text__devil,-0.17186430725100343,text
text__di,0.5476056471080669,text
text__diamond,-0.9036630250087258,text
text__diaries,-0.01243099346767744,text
text__diary,-0.8823570716116544,text
text__dice,0.4728934780551327,text
text__dick,0.6996863247894705,text
text__did,-0.3174332380321615,text
text__die,-0.009350776653804523,text
text__difference,-1.7611059483659062,text
text__different,-0.03656078744163903,text
text__digital,0.009588560024490989,text
text__dinner,0.0448928624573069,text
text__dinosaur,0.062953923837416,text
text__dirty,-0.1903583434265921,text
text__disaster,-0.17390448003188683,text
text__disc,0.8082675425620176,text
text__discover,-1.1235402783954251,text
text__discovering,-0.32965361021771744,text
text__discovery,-1.840992458967512,text
text__display,-0.13401613615539587,text
text__distribution,-0.894784831560462,text
text__dive,-0.6070791322364428,text
text__diversity,0.1103622539353717,text
text__divine,-0.27636284901231223,text
text__diy,-0.44946006685598455,text
text__dj,-1.5534205710710893,text
text__doc,0.7346651291951098,text
text__dock,0.16563783443555466,text
text__doctor,-0.27586096451709713,text
text__documentary,0.4977681111648497,text
text__documenting,0.6487452316568093,text
text__does,0.24926259869812642,text
text__dog,0.062090681529656036,text
text__dogs,-0.43380724167221507,text
text__doll,-0.13127272061944822,text
text__dollar,0.19427843053440808,text
text__dolls,0.2044768539039353,text
text__don,-0.17529973596784273,text
text__door,-0.1310590593180674,text
text__double,0.6124820373462704,text
text__downtown,0.6320971105675146,text
text__dr,-0.13935235885344277,text
text__dragon,-0.035896285478512084,text
text__dragons,0.21795118098844043,text
text__drama,-0.9581605097735705,text
text__draw,0.16531361233754485,text
text__drawing,0.3251408120099201,text
text__drawings,-0.5090691425005456,text
text__drawn,-0.17366768662217302,text
text__dream,-0.5920868964920104,text
text__dreaming,-0.03584068773624496,text
text__dreams,-0.6043577669218655,text
text__dress,1.3363391827423219,text
text__drink,-0.19391657600031567,text
text__drinking,-0.9792327792001367,text
text__drinks,-0.25064617930447597,text
text__drive,-0.14945493764540657,text
text__driven,-0.9745820687828853,text
text__driver,-0.07435481024158752,text
text__driving,-0.16104683440427778,text
text__drone,-0.45870556708737015,text
text__drop,-0.07292470717209086,text
text__drum,-0.35441232879486045,text
text__dry,0.5883994318890965,text
text__du,-0.18009450996632476,text
text__dual,-0.3988880924603937,text
text__duck,0.014754502619827954,text
text__dungeon,0.3391632313982166,text
text__duo,0.5455008221247836,text
text__dust,0.7491198517754557,text
text__dutch,-0.9484120658609447,text
text__dvd,-0.08983571458444709,text
text__dying,-0.0337220908849378,text
text__eagle,0.7157179440050431,text
text__early,-0.31451362745247385,text
text__earth,-0.2190674654178478,text
text__easier,-0.9334765624287269,text
text__east,0.35327689417178004,text
text__easy,-0.146173312640773,text
text__eat,-0.06436624900226616,text
text__eating,-0.22983010843633853,text
text__eats,0.4147296157819754,text
text__ebook,-0.3118684556023398,text
text__echo,0.2502905273214385,text
text__eco,-0.9573226135752931,text
text__ed,0.033987558151958586,text
text__edc,1.1735648362766895,text
text__eden,-0.49922150213053273,text
text__edge,0.3928475697805672,text
text__edinburgh,1.3603660056078923,text
text__edition,0.8509088022339717,text
text__education,-0.6270785025534097,text
text__educational,-0.20943596134627906,text
text__effect,-0.13579256213461788,text
text__effects,-1.001104801657974,text
text__egg,-0.01863895457426369,text
text__el,-0.2466676307921481,text
text__electric,0.2786413701292516,text
text__electronic,-0.4514413500369966,text
text__elegant,0.4743946922021804,text
text__elements,-0.06703670613666222,text
text__elephant,0.03168719968467001,text
text__elite,-0.8980627786955576,text
text__em,-0.31411908054164656,text
text__emergency,-1.0341578245679852,text
text__emily,0.8065206100852611,text
text__empire,-0.17003674185246884,text
text__empower,0.11102371333762284,text
text__empowering,0.16156102308679232,text
text__en,-0.03872609067054822,text
text__enamel,0.5828285432900704,text
text__end,-0.23153442195210835,text
text__endless,0.45158315581485337,text
text__energy,-0.9243831005321592,text
text__engine,-0.33800428762960744,text
text__england,-0.22781286744142293,text
text__english,-0.22730885622545433,text
text__enjoy,-0.2228385692441437,text
text__ensemble,0.8805024514695665,text
text__entertainment,-1.375522068076342,text
text__environment,-0.5689445888742374,text
text__environmental,-0.7219663385878007,text
text__ep,0.47222857267960167,text
text__epic,0.43649763567671007,text
text__episode,-0.47727401925135404,text
text__episodes,-0.027707818065941844,text
text__equipment,-1.3619454570075826,text
text__era,-0.2517867051446177,text
text__eric,0.8575338419957131,text
text__escape,-0.43725700208924617,text
text__essential,0.030682243404669386,text
text__et,-0.9150883192407645,text
text__eternal,-0.27774131555206377,text
text__ethical,1.4887777415574743,text
text__europe,0.15391750263171927,text
text__european,-0.05529275925831273,text
text__eve,-0.2599734611785125,text
text__evening,-0.003486525501630756,text
text__event,-0.8640920126666654,text
text__events,-1.497646031547426,text
text__everybody,0.4705354470251873,text
text__everyday,0.3024716648160495,text
text__evil,-0.45812499337791146,text
text__evolution,-0.16275329975814393,text
text__ex,0.12091137101099994,text
text__exchange,0.5462448268387523,text
text__exciting,-0.9211446240318307,text
text__exclusive,-0.7029153359913458,text
text__exhibit,0.2260869922841278,text
text__exhibition,1.1318763124843734,text
text__expand,0.029947365387517133,text
text__expanding,0.030661687132759838,text
text__expansion,0.41126408048821705,text
text__expedition,0.2908849497636696,text
text__experience,-0.40328399898241235,text
text__experiment,-0.24287422812530765,text
text__experimental,-0.09575598312346376,text
text__exploration,-0.4482264904884129,text
text__explore,-0.8006832229593779,text
text__exploring,-0.14323280040266737,text
text__expo,-0.6355859833691823,text
text__express,-0.3175232933211824,text
text__extra,0.2633438879124201,text
text__extraordinary,0.2685134748472063,text
text__extreme,-0.936859931341866,text
text__eye,-0.24720034075882236,text
text__eyes,-0.44940740886336206,text
text__ez,-1.3355693839700695,text
text__fabric,-0.23164056815390696,text
text__face,-0.3257739086154715,text
text__facebook,-0.6167218946523547,text
text__faces,-0.7924139940903917,text
text__factory,-0.00016577723661152875,text
text__fair,0.7514944387786944,text
text__fairy,-0.16261092084053627,text
text__faith,-0.8765483281807811,text
text__fall,0.09540080935428712,text
text__fallen,-0.5667198808832107,text
text__falling,0.20758638774397528,text
text__falls,0.23649386425784868,text
text__fame,-0.6058455621149209,text
text__families,-0.26642976643864574,text
text__family,-0.5163573400511572,text
text__famous,-0.4475890246741723,text
text__fan,-0.783517733112279,text
text__fans,-0.6818238595212617,text
text__fantastic,-0.06179332630727145,text
text__fantasy,0.27027062978216454,text
text__far,0.2573053332951626,text
text__farm,0.7884376832249851,text
text__farmers,0.027059098899193834,text
text__farming,-0.09331794636428548,text
text__farms,0.3377262660622258,text
text__fashion,-0.7207059659253479,text
text__fast,-0.5943407963531068,text
text__fat,-0.32790541132000495,text
text__fate,-0.6472511191436288,text
text__father,-0.6324558268170233,text
text__favorite,-0.42924071530465946,text
text__fear,-0.5456726405660737,text
text__feature,-0.21630737867053612,text
text__featuring,-0.34740682307346815,text
text__feed,0.015795954780732098,text
text__feel,0.22699077378658064,text
text__feet,-0.5539314738412172,text
text__female,0.340307151797803,text
text__fest,0.07920148809286419,text
text__festival,0.1393192971852854,text
text__festivals,-0.8636948534779111,text
text__fi,0.4752888152331743,text
text__fiber,0.031245835201980616,text
text__fiction,0.031836306946562885,text
text__fidget,-0.08408948809396281,text
text__field,1.1695642713197572,text
text__fight,-0.5161802794844762,text
text__fighting,0.2881135392653849,text
text__figure,0.3182464521380754,text
text__figures,0.42363815801945587,text
text__files,-0.36666226951941405,text
text__film,0.4040272780290139,text
text__films,-0.23625617235370389,text
text__final,-0.03561207936220726,text
text__finally,0.4185067905140191,text
text__finding,-0.30167386923768924,text
text__fine,0.6751717895769724,text
text__finger,-0.6508185546442674,text
text__finish,0.31373183395938187,text
text__finishing,1.2121521691249617,text
text__fish,0.08193463505830628,text
text__fishing,-0.7717019328904922,text
text__fit,0.08928937632897681,text
text__fitness,-0.7393554075463001,text
text__fits,0.9473982207831989,text
text__fix,-0.29164991988114514,text
text__flag,-0.36386772740790374,text
text__flash,-0.2554978150360826,text
text__flat,-0.06545204775305306,text
text__flavor,-0.9997248237928544,text
text__flight,-0.20086007195323768,text
text__flip,0.1455385057215147,text
text__floating,0.24145666049125494,text
text__floor,-0.2521112586387703,text
text__florida,-1.3724829673480066,text
text__flow,-0.8474344071444841,text
text__flower,-0.445128764568437,text
text__flowers,-0.1474326137113946,text
text__fly,0.09999095227429329,text
text__flying,-0.07340802586573116,text
text__focus,0.7216468252814763,text
text__folk,-0.18285676174575902,text
text__follow,0.09290939253792112,text
text__food,0.018448674763523784,text
text__foods,0.247857671657225,text
text__foot,-0.18451402863002828,text
text__football,-0.925257658619147,text
text__footwear,0.5096788774140102,text
text__force,0.20363237455392608,text
text__forest,0.16710797617350406,text
text__forever,-0.2733309651874035,text
text__forget,-0.935055659361651,text
text__forgotten,-0.5495501044378089,text
text__form,0.03256768422938519,text
text__forward,-0.27074567798275045,text
text__foster,0.3895718096518452,text
text__foundation,-0.17760670400725456,text
text__fourth,1.25254257828634,text
text__fox,0.5711105967615104,text
text__frame,0.1080564953608068,text
text__frames,-1.2238497656393184,text
text__france,-0.010766240573212939,text
text__francisco,1.3914977493244352,text
text__frank,0.45694262693540716,text
text__free,-0.22655736970998433,text
text__freedom,-0.8949325514477121,text
text__french,-0.29238493266144133,text
text__fresh,0.2613367250260428,text
text__friend,-0.3026361873519007,text
text__friendly,0.31423506485704666,text
text__friends,-0.3628035896293063,text
text__fringe,0.34274077028644695,text
text__frontier,0.4074353236731623,text
text__frozen,-0.3792904498068757,text
text__fruit,-0.9649670136027152,text
text__fudge,-0.3286321942432709,text
text__fuel,0.21475966629231788,text
text__fully,-0.4776217295765265,text
text__fun,-0.8496482616585116,text
text__functional,0.21683170862891538,text
text__fund,-0.6813874441444184,text
text__funding,-1.1893496366047636,text
text__fundraiser,0.191448790380618,text
text__funds,-0.5761363548123635,text
text__funny,-0.5452284341400506,text
text__furniture,-0.9168290363184448,text
text__fusion,-0.9457489983075161,text
text__future,0.1130745751480999,text
text__galaxy,0.08624383455299747,text
text__gallery,-0.17416480516709562,text
text__game,-0.7085162872022299,text
text__gamer,-0.1798294046354542,text
text__gamers,-0.4812455009431393,text
text__games,-0.3761055140851075,text
text__gaming,-0.8747136590024613,text
text__gang,-1.1713170412478484,text
text__garage,-0.4432129813736832,text
text__garden,0.18862793416357765,text
text__gardens,-0.15512363953707875,text
text__gate,-0.33646555627973684,text
text__gathering,-0.4941256134063758,text
text__gay,0.3223128179666445,text
text__gbs,1.8470309790050223,text
text__gear,-0.8522064464246624,text
text__geek,-0.2960925318415081,text
text__gender,0.6686539276667869,text
text__generation,0.1366529346687426,text
text__generator,-0.8397775244895033,text
text__genesis,-0.2379438814264053,text
text__genius,0.8912254338123006,text
text__george,-0.36390449303918093,text
text__german,-0.25357312278457345,text
text__gets,-0.09483379589869159,text
text__getting,-0.4345192232680767,text
text__ghost,0.06447487161130055,text
text__ghosts,0.23017651316459492,text
text__giant,-0.14004593676903493,text
text__gift,-0.42461826283444554,text
text__gifts,-1.2100337370789414,text
text__girl,0.38184191050262517,text
text__girls,0.5619394531862645,text
text__giving,-0.9812167854044703,text
text__glass,-0.1920654220035603,text
text__glasses,-0.2730628891430434,text
text__global,-0.2004520074113252,text
text__glory,0.18660530635962988,text
text__glow,0.1818246567712759,text
text__gluten,0.10768931904934968,text
text__goal,0.5850141291291256,text
text__goals,-0.8071638658415683,text
text__goat,-0.09577251427360434,text
text__god,-0.46419636860565267,text
text__gods,-0.09253834598366609,text
text__goes,0.6321705534320983,text
text__going,-0.12531768128869072,text
text__gold,0.2093027184067364,text
text__golden,0.22360064063474885,text
text__golf,-1.5444157968818517,text
text__gone,-0.13754685472258474,text
text__good,0.2337873760935908,text
text__goodbye,0.1167036495221919,text
text__goods,0.35737502265773546,text
text__gopro,-0.1684670161994907,text
text__gospel,-0.8623481175162337,text
text__got,-0.27515499592014064,text
text__gourmet,-1.0490790319944785,text
text__gps,0.1301096368154946,text
text__grace,0.6947023923297476,text
text__grade,0.1495287956883025,text
text__graduate,1.1382464484331904,text
text__graffiti,-0.5224992910863565,text
text__grain,0.7273805596869277,text
text__grand,-0.14155279171194557,text
text__grandma,-1.042906261692942,text
text__graphic,-0.31539248081275534,text
text__grass,-0.5001064346647847,text
text__gravity,-0.463325258851998,text
text__gray,0.4620117052853333,text
text__great,-0.6207567820348471,text
text__greatest,-1.1202495626711115,text
text__green,-0.36829770383102733,text
text__greenhouse,-0.14587794681802654,text
text__greeting,-0.5319956842389031,text
text__grey,0.6859697121398617,text
text__grid,-0.2728898586293256,text
text__grill,-0.08508281204568122,text
text__grip,-0.9917264584697714,text
text__ground,0.2866346131063065,text
text__group,-0.5786476096744901,text
text__grow,0.7644982479664157,text
text__growing,0.1849584383845465,text
text__grown,0.705834547816029,text
text__growth,-0.6685866076152258,text
text__guard,-0.5914085336607818,text
text__guardian,-0.7936915626816583,text
text__guardians,-0.5293795751776914,text
text__guide,-0.13323200201296098,text
text__guitar,-0.6969069111102479,text
text__guitars,-0.43094547625366414,text
text__gun,-0.27922724356606976,text
text__guns,0.5797275681551609,text
text__guy,-0.1070246275973855,text
text__guys,-0.8363252631589919,text
text__gym,-1.1591741743382757,text
text__gypsy,-0.5942528516867178,text
text__hair,-0.8463848576693997,text
text__haiti,0.3429560203379333,text
text__half,0.8871044230027271,text
text__hall,0.41312424034747935,text
text__halloween,-0.7898498263150835,text
text__hand,-0.08013385849350067,text
text__handbags,0.2737927884590898,text
text__handbook,0.015437810422098519,text
text__handcrafted,0.5517783021923959,text
text__handle,-1.0307552125641122,text
text__handmade,-0.14480315390096168,text
text__hands,-0.4098768205286034,text
text__happen,-0.33396475535584963,text
text__happiness,-0.10849518678482177,text
text__happy,0.1851379732699573,text
text__hard,0.17997260499612996,text
text__hardcover,1.7531013938320341,text
text__harmony,-0.8522027710673232,text
text__harry,0.013912547479991584,text
text__harvest,0.49261136177283815,text
text__hat,0.20788742326852133,text
text__hate,-0.0660982006106674,text
text__hats,-0.5402699483562566,text
text__haunted,-1.2506467478232126,text
text__hawaii,0.09051350838433636,text
text__hawaiian,0.1351009697760682,text
text__hd,-0.20806464175122708,text
text__head,-0.19159406571271526,text
text__headphones,1.0265512923614921,text
text__heads,-0.10358623883309001,text
text__healing,-0.5619508866249812,text
text__health,-0.4781214482239277,text
text__healthy,-1.0606491578605286,text
text__hear,0.14586837470419117,text
text__heard,0.017011159589640223,text
text__heart,-0.048099479262581325,text
text__hearts,0.07856279096965174,text
text__heat,-0.9954835710942286,text
text__heaven,-0.5553345249297571,text
text__heavy,0.15312786074717608,text
text__heights,0.02490215354724795,text
text__hell,-0.6654426799579972,text
text__hello,0.8718157044281302,text
text__helmet,-0.44244155848745326,text
text__help,-0.5535310568378875,text
text__helping,-1.174216635733869,text
text__hemp,-0.4814775595468183,text
text__henry,-0.14616527023274495,text
text__heritage,-0.01646899473705058,text
text__hero,-0.17399569796620226,text
text__heroes,-0.10728380382529279,text
text__hey,0.3144681339766696,text
text__hi,-0.6729415317189736,text
text__hidden,0.03240330537959672,text
text__high,-0.3818905450807138,text
text__hill,0.4390024145750558,text
text__hills,-0.2918187360662531,text
text__hip,-1.5206580572509192,text
text__historic,-1.470735583747043,text
text__historical,-0.18686197728980977,text
text__history,0.15910609601455222,text
text__hit,0.0530711435257843,text
text__hits,-0.14680716617915474,text
text__hockey,-0.7418882520554704,text
text__hold,-0.06123417518735157,text
text__holder,-1.0101091063908985,text
text__hole,0.6923063098726604,text
text__holiday,-0.43721394740807706,text
text__hollow,0.775982618935034,text
text__hollywood,-0.7323956347686866,text
text__holy,-0.3826893048224552,text
text__home,0.0879691943718632,text
text__homeless,-0.8649375627892681,text
text__homemade,-2.078734380952767,text
text__honey,0.299090853500818,text
text__honor,0.005578407888340135,text
text__hood,-0.42045292344493,text
text__hook,0.24073231571711845,text
text__hop,0.31766912311502427,text
text__hope,-0.00825997431591485,text
text__horror,-0.2953381521301575,text
text__horse,0.17434133355538256,text
text__horses,0.46477653104737404,text
text__hot,-0.13026406113462227,text
text__hotel,-0.046289553776786604,text
text__hour,0.10059824413612721,text
text__hours,0.47171190792311957,text
text__house,-0.25602432796735203,text
text__houston,0.002623106557947946,text
text__hub,0.14408410073033812,text
text__human,-0.03121233833681899,text
text__humanity,-0.22583483335116084,text
text__hungry,0.37101663032915305,text
text__hunt,-0.5578211226591945,text
text__hunter,0.30022399196514155,text
text__hunters,-0.2250172798816129,text
text__hunting,-0.44703759055832787,text
text__hybrid,0.20843376797826418,text
text__hymns,0.24285737940077648,text
text__ice,0.011053073458705537,text
text__iceland,1.8135367780984006,text
text__id,0.18113924784274943,text
text__idea,-0.49264975085042506,text
text__ideas,0.4346887283118661,text
text__identity,0.8709452713807742,text
text__ii,0.39149846930765125,text
text__iii,-0.16474790456022897,text
text__il,0.9474996022722368,text
text__illustrated,0.32867024848514326,text
text__illustration,-0.2917363007526463,text
text__illustrations,-0.41386099936517207,text
text__image,-0.7452336605751989,text
text__images,-1.394044549290745,text
text__imagination,-0.9817455243250981,text
text__imagine,-0.233496853627384,text
text__impact,0.5375804620041141,text
text__inch,-0.06528019466726187,text
text__incredible,0.570936809441218,text
text__independent,-0.6198714525737298,text
text__india,0.07647332467979222,text
text__indian,-0.01932275517046977,text
text__indie,-0.9337736440890144,text
text__indoor,-0.8956546571484962,text
text__industrial,-0.09687529883253426,text
text__industry,0.15698848958610584,text
text__infinite,0.4170282017596033,text
text__infinity,-0.09111103808224312,text
text__initiative,-0.040563745530478826,text
text__ink,0.09671290409054446,text
text__inner,0.49883125246786253,text
text__innovation,-0.698491080188126,text
text__innovative,-0.5344549561360998,text
text__inside,0.03368126233512288,text
text__inspiration,-0.5256409457570149,text
text__inspirational,-0.764814381809273,text
text__inspire,-0.6246758759769693,text
text__inspired,0.17407060981941055,text
text__inspiring,-0.44231934743954937,text
text__installation,0.909873513451057,text
text__instant,-0.9529233816834891,text
text__intelligent,0.5055949872227559,text
text__interactive,-0.29250225819503717,text
text__interchangeable,-0.2944489598190835,text
text__international,-0.3361152889943581,text
text__internet,-0.40754791334769175,text
text__introducing,-0.03622069889353346,text
text__invasion,-0.07480708741076966,text
text__invisible,0.7162074818961504,text
text__ios,-0.2261153744464999,text
text__iot,0.4695267148115366,text
text__ipad,0.1670703505029787,text
text__iphone,-0.39145935368574736,text
text__ireland,-0.08812941732148863,text
text__irish,-0.1941367338304213,text
text__iron,0.5322700959296992,text
text__island,0.1155287502855607,text
text__issue,0.6069852689977883,text
text__issues,-0.1728337414174001,text
text__italian,-0.5114221302905805,text
text__italy,-0.5329362764509267,text
text__jack,0.11275543001547574,text
text__jacket,0.6338309062842492,text
text__jackson,-0.5165953149850946,text
text__jam,-0.4567747664791015,text
text__james,-0.062232678476241095,text
text__jane,0.873998718693062,text
text__japan,0.5037495436138454,text
text__japanese,0.8659940771030039,text
text__jar,0.015330522861988624,text
text__jason,0.3035308400682318,text
text__jay,0.33830485092515433,text
text__jazz,-0.6834182042704565,text
text__jeans,1.2177355333550397,text
text__jeff,0.156123524504649,text
text__jerky,0.4766517102737639,text
text__jersey,0.007998822287210154,text
text__jesus,-0.7244677422993676,text
text__jewellery,0.09859963096074553,text
text__jewelry,-0.1533399313005069,text
text__jewish,-0.31400819601094226,text
text__jim,0.5322787496162699,text
text__job,-0.029703970948320488,text
text__jobs,-0.40591649021118564,text
text__joe,0.23422370932770273,text
text__john,0.23406710644829246,text
text__johnny,-0.46484378611152694,text
text__johnson,-0.16557650511546715,text
text__join,-0.37987502547872565,text
text__jon,0.44467636067250416,text
text__jones,-0.12722440662789725,text
text__jordan,-0.49406696541610823,text
text__josh,0.35389595283128955,text
text__joshua,0.2766772428327862,text
text__journal,0.4806164311904236,text
text__journey,-0.4581158827426902,text
text__joy,0.22475868133945087,text
text__jr,-0.09515816119643743,text
text__juice,0.18672215285594823,text
text__july,-0.0820743268393491,text
text__jump,-0.34050974978757675,text
text__june,0.6657529906130256,text
text__jungle,0.7482134311944,text
text__just,-0.6107232854864033,text
text__justice,-0.18819690174535061,text
text__justin,0.15817850977824477,text
text__karma,-0.8240215430208088,text
text__keeping,-0.9102788242277985,text
text__kelly,0.3144368549544983,text
text__kevin,0.43091559263002877,text
text__key,0.0661104923526474,text
text__keyboard,0.23261658250849962,text
text__keychain,1.2875502811443333,text
text__keys,0.12329988682536601,text
text__kick,0.1304198218836254,text
text__kickstart,-0.36292768943486164,text
text__kickstarter,0.46561629642728286,text
text__kid,-0.33637513702410926,text
text__kids,-0.28813342417843574,text
text__kill,0.6125404936621086,text
text__killer,-0.5042382278669174,text
text__killing,-0.6832993941348096,text
text__kind,-0.5430297573591305,text
text__king,0.030078602162593136,text
text__kingdom,-0.02652554925192029,text
text__kings,-0.4118961122482227,text
text__kiss,-0.40455136568842937,text
text__kit,0.4931862593806188,text
text__kitchen,0.44758645596530966,text
text__kits,-0.13647539937216993,text
text__kitty,-0.2925614804372904,text
text__knife,0.604510238661181,text
text__knight,-0.37233994787416047,text
text__knights,-0.07801492377130291,text
text__know,-0.604270849189155,text
text__knowledge,0.2298306062379086,text
text__kyle,-0.20533036721858156,text
text__la,-0.044475037081549235,text
text__lab,0.20221593216668976,text
text__label,-1.1952652306571063,text
text__ladies,0.01282620543411451,text
text__lady,0.20034337163698748,text
text__lake,-0.4375363191246667,text
text__lamp,0.5084329599933262,text
text__land,0.1770446287747099,text
text__landscape,0.43387680430827247,text
text__landscapes,0.1373940008529158,text
text__lane,0.04115275458654614,text
text__language,0.00462968609723616,text
text__laptop,0.259117255354398,text
text__large,-0.03553405007550413,text
text__las,-0.9262665250260274,text
text__laser,-0.1475303702964358,text
text__late,-0.3631970951983949,text
text__latin,-0.954261472407903,text
text__launch,-0.14514769844285305,text
text__launching,-0.7334066532944779,text
text__law,-0.503130624268077,text
text__le,0.24830560077818173,text
text__leaf,0.04945533252271923,text
text__league,-1.0390175531168009,text
text__learn,0.2728921717587791,text
text__learning,-0.37871378222421526,text
text__leather,0.40592359593560984,text
text__leave,-0.54281563379478,text
text__led,-0.8382186543883319,text
text__lee,-0.06901155770406846,text
text__left,-0.18910010964940643,text
text__legacy,-0.4207221049827808,text
text__legend,-0.4039313474345191,text
text__legendary,0.190424076877449,text
text__legends,-0.19114573436952323,text
text__lego,-0.3223562594470078,text
text__length,0.5388666590302923,text
text__lens,0.5329637662235738,text
text__les,0.5715740048234418,text
text__lessons,-0.65527041738189,text
text__let,0.1294968207395805,text
text__lets,-1.2480419259647029,text
text__letter,0.1096080635527247,text
text__letterpress,0.9094065374113615,text
text__letters,-0.10066327809031982,text
text__level,-0.23739831655888416,text
text__lgbt,-0.2535310101183052,text
text__liberty,-0.18180461850775634,text
text__library,0.5143972629505571,text
text__lies,-0.3610788567975711,text
text__life,-0.7890766309167858,text
text__lifestyle,-0.20502173766839243,text
text__lifetime,-0.4439591100480181,text
text__light,0.11961572057110523,text
text__lighting,-0.2357196849080868,text
text__lightning,0.5486041409334114,text
text__lights,-0.047482498374753206,text
text__like,0.32509063737127797,text
text__lil,0.3350128279350849,text
text__limited,-0.5289146262472523,text
text__line,-0.5642156190349683,text
text__lines,-0.10478048769198928,text
text__lingerie,0.7641180073185923,text
text__link,-0.20569229717465892,text
text__linux,1.1117922955750181,text
text__lion,-0.05563337989627025,text
text__liquid,-0.7240429922608126,text
text__list,-0.5399381990006388,text
text__listen,0.18970248016885097,text
text__literary,0.6778472663514565,text
text__little,0.2807020903692824,text
text__live,-0.2189501240781411,text
text__lives,-0.07891164601210192,text
text__living,-0.1834062473722834,text
text__ll,-0.008819895987019637,text
text__llc,-1.102760192575505,text
text__local,-0.011624367117035428,text
text__location,-0.623419717211112,text
text__lock,0.028750887299390262,text
text__london,0.37777190684569206,text
text__lonely,-0.35321604874986395,text
text__long,0.14864471820169192,text
text__look,-0.4978708353996612,text
text__looking,-0.7260967792624731,text
text__lord,-0.3264939044346901,text
text__los,0.30588399235347014,text
text__lose,0.19734146663366853,text
text__loss,-0.27762884952638645,text
text__lost,0.12268764776111946,text
text__louis,-1.1981427614149638,text
text__lounge,-0.39745995287704383,text
text__love,-0.3996157006680271,text
text__lovecraft,2.0190195005735156,text
text__loved,-0.48016468462484063,text
text__lover,0.3536467365398357,text
text__lovers,-0.11790490789134693,text
text__loves,-0.3420884865243979,text
text__loving,-0.6142261272627038,text
text__low,0.2784069341624785,text
text__lp,0.12831194512887226,text
text__lucky,0.0756101743688513,text
text__luna,0.17270989901973888,text
text__lunch,0.07282343347372458,text
text__luxury,0.31288071972263704,text
text__ma,0.8324705436966044,text
text__mac,-0.028955971473842552,text
text__machine,0.398211522902138,text
text__mad,-0.3195369845010607,text
text__madness,-0.3262262442302515,text
text__magazine,0.2143769763904249,text
text__magic,-0.23431573905581277,text
text__magical,0.6146312184752823,text
text__magnetic,0.7537465981568491,text
text__mail,0.27197989750142326,text
text__main,-0.6022492490625645,text
text__maine,0.26206187060164476,text
text__major,-0.08530055407549117,text
text__make,0.18177641305071418,text
text__maker,0.4634895490011511,text
text__makers,0.5145042490454702,text
text__makes,1.4686051261747863,text
text__making,0.11327140837796215,text
text__mama,0.2778446936781063,text
text__man,-0.3559642046708276,text
text__management,-0.6470435302582686,text
text__manga,-1.9571941313581922,text
text__manual,0.7745363561826892,text
text__map,0.5825633741395543,text
text__maps,0.07813491032320723,text
text__march,-0.10973496669707264,text
text__mark,0.9772092982370371,text
text__market,0.28099386137259524,text
text__marketing,-1.6056680727324477,text
text__marketplace,-0.42606656210773597,text
text__mars,-0.11793559258880802,text
text__martin,0.7444343482525744,text
text__mary,-0.29815881856012993,text
text__mask,0.34681338752988805,text
text__mason,0.7479956869502592,text
text__mass,0.9461266033000097,text
text__master,-0.31600117627756436,text
text__mastering,0.02386864463979637,text
text__masters,0.1900510908858708,text
text__mat,-0.1647463836503903,text
text__match,-0.17257091053143253,text
text__math,-0.35786730495983843,text
text__matt,0.3811217499921159,text
text__matter,0.33166554026231926,text
text__matters,0.2739776117753036,text
text__matthew,-0.0076191664338712516,text
text__max,0.3487010361542713,text
text__maze,-0.4827432587725959,text
text__meat,0.8377527188955183,text
text__mechanical,1.3179222442018954,text
text__media,-0.7593627880593069,text
text__medical,-1.2332388698534904,text
text__medicine,-0.39730062080083944,text
text__medieval,-0.3854911373038902,text
text__meditation,-0.014991665980439946,text
text__meet,0.21582292099899966,text
text__meets,0.523494691457949,text
text__memoir,0.46371882786239493,text
text__memoirs,-0.4562188186384497,text
text__memorial,-0.7662144232041878,text
text__memories,-0.29946343997476094,text
text__memory,-0.19777633894489827,text
text__men,-0.03746623557434972,text
text__mental,-0.54911234064235,text
text__merch,-1.0762989208775555,text
text__mermaid,-0.211164060249804,text
text__message,-1.3237188859099098,text
text__messenger,0.3012379052684793,text
text__metal,-0.5148152747085235,text
text__mexican,-0.09758713576757329,text
text__mexico,0.13189743607301926,text
text__mi,-0.35023972805285036,text
text__miami,-0.4550147918533937,text
text__michael,-0.01746495624719431,text
text__michigan,-0.108260458004355,text
text__micro,0.3808861677497887,text
text__middle,-0.17164346614431003,text
text__midnight,0.09754977016216511,text
text__midwest,-0.5992264207087495,text
text__mighty,1.1742398757522663,text
text__mike,0.1132780102515191,text
text__mile,-0.0721284612759748,text
text__miles,-0.24350547599501413,text
text__military,-1.002236769339428,text
text__milk,0.21178892686803877,text
text__miller,-0.027783334525756834,text
text__million,-0.6995108761016311,text
text__mind,-0.8366360855971977,text
text__minds,-0.8314519490870189,text
text__minecraft,-1.3250666537670115,text
text__mini,0.20403601917734498,text
text__miniature,0.6796307132036976,text
text__miniatures,1.4911884327022815,text
text__minimal,1.2321994363798747,text
text__minimalist,0.6603509672646155,text
text__minute,-0.2345433827048326,text
text__minutes,0.19439776228482267,text
text__miracle,-0.7658146648922677,text
text__mirror,-0.3198170636639285,text
text__miss,0.44378594982610553,text
text__missing,0.6684619668258538,text
text__mission,-0.013588303857047481,text
text__mix,-0.2117427577122024,text
text__mixed,-0.05364573828643481,text
text__mixtape,-0.8820862601283783,text
text__mm,-0.14991144445379,text
text__mmo,-0.13074071713548874,text
text__mmorpg,-1.3707020435139152,text
text__mo,-0.2911591285155503,text
text__mobile,-0.32270363786449197,text
text__model,-0.032106423279541725,text
text__models,0.019825134565172434,text
text__modern,-0.16408476825594528,text
text__modular,0.7403485831899378,text
text__module,0.7768856598296409,text
text__mom,-0.32057032078863895,text
text__moment,-0.20767821699137545,text
text__moments,-0.9728475041125421,text
text__money,-0.5553974196219091,text
text__monitor,-0.10724012590339933,text
text__monkey,0.051723995939449395,text
text__monster,-0.10323094536397373,text
text__monsters,0.2594428518573375,text
text__month,-0.5256521545891645,text
text__monthly,0.17941021764116802,text
text__moon,0.3590191976952541,text
text__morning,0.19321394540665632,text
text__mosaic,-0.30345144632817617,text
text__mother,-0.10149480634612723,text
text__motion,-0.06303331104512468,text
text__motorcycle,-0.9954887296600844,text
text__mount,-0.5093350499533564,text
text__mountain,0.3195427081528138,text
text__mountains,0.0860338936960635,text
text__mouse,0.1669714123963213,text
text__movement,-0.5622846520292073,text
text__movie,-0.4029904574213817,text
text__movies,-0.7946824825079902,text
text__moving,0.4327482438977349,text
text__mr,-0.28176830979472156,text
text__multi,0.20148302307537744,text
text__multimedia,-0.17193359000334696,text
text__multiplayer,-1.0015473700357074,text
text__mural,0.7252261707685648,text
text__murder,-0.41392827602083365,text
text__muse,-0.04173653275190356,text
text__museum,0.23359161499503442,text
text__music,-0.5498973694001721,text
text__musical,-0.2290792782163098,text
text__musician,-1.3897586474164536,text
text__musicians,-0.4966832181092808,text
text__mystery,0.051695405026621025,text
text__naked,-0.05397545139097721,text
text__nano,-0.24822118226636525,text
text__narrative,0.6581526669415251,text
text__nashville,-0.658972559720458,text
text__nation,-0.1968051503162731,text
text__national,0.08093614201491367,text
text__native,-0.6787639264619453,text
text__natural,-0.037360596466828315,text
text__nature,-0.1149373232758178,text
text__nd,0.26369504937640703,text
text__near,0.5788497470223416,text
text__need,-0.8994089677984788,text
text__needed,-1.019250848953506,text
text__needs,-0.4791482561365175,text
text__neighborhood,0.6805033911240348,text
text__neo,0.25810329110336033,text
text__neon,0.44034624077513346,text
text__nerd,-1.1521445000450985,text
text__net,-1.076932399302631,text
text__network,-0.9950585828684275,text
text__new,0.7298791186019055,text
text__news,-1.2077630720928678,text
text__nice,-0.029297073523246318,text
text__nick,0.10451246673299197,text
text__night,0.03892678830359517,text
text__nightmare,-0.5725243533193844,text
text__nights,-0.3360096522933458,text
text__ninja,-0.26610367644453425,text
text__noir,0.42741843172205773,text
text__noise,0.2424448288624114,text
text__non,-0.2986600667125325,text
text__north,0.6808553992003592,text
text__northern,0.30734954385366187,text
text__note,-0.6061675391500587,text
text__notebook,1.2023127366186115,text
text__notes,-0.31944399032837123,text
text__novel,0.06065231735861017,text
text__novella,0.7146682634901341,text
text__novels,-0.2463552088974581,text
text__nudes,1.5245673564548168,text
text__number,0.22451472651319623,text
text__ny,0.08925408149371647,text
text__nyc,0.5584490467156314,text
text__oak,0.6834506073419255,text
text__ocean,0.6119199398644156,text
text__odyssey,0.2874667088473836,text
text__office,-0.29972816137974745,text
text__official,0.07646184872544204,text
text__oh,-0.2314402888697485,text
text__ohio,-0.582768611414245,text
text__oil,-0.1369687585862384,text
text__old,-0.1778358450409171,text
text__olive,0.21236911219157933,text
text__ones,0.1521553686461244,text
text__online,-0.6816972537973117,text
text__op,0.3558997521142621,text
text__open,0.3354842148972103,text
text__opener,-0.21701701335565082,text
text__opening,-0.09466786868481318,text
text__opera,-0.21762063043951546,text
text__operation,-0.3956374554836851,text
text__oracle,0.8746444639149605,text
text__orange,0.046811677431957126,text
text__orchestra,-0.1600176861117004,text
text__order,0.2225912505972364,text
text__ordinary,-0.12179990981695993,text
text__oregon,-0.49976377521537224,text
text__org,-1.2830271778517093,text
text__organic,-0.43313580095492077,text
text__organizer,-0.2586443538047666,text
text__origin,-1.4973542030201148,text
text__original,-0.4654104872241606,text
text__origins,0.08417679191720993,text
text__orleans,0.9774960816521583,text
text__outdoor,-0.1589781387715036,text
text__outside,0.13824822270282805,text
text__oven,0.5673650905235819,text
text__owl,0.07949531359219397,text
text__oz,-0.45462938684894333,text
text__pacific,-0.13171194409841147,text
text__pack,0.4474289364551665,text
text__pad,-0.5060996524955875,text
text__page,-0.4701177439578559,text
text__pain,-0.2111477919632026,text
text__paint,-1.092598619475864,text
text__painted,-0.7622999378199646,text
text__painting,-0.09924818926067278,text
text__paintings,-0.6250410850909772,text
text__pan,0.49747305204291276,text
text__pants,0.9800615208038187,text
text__paper,0.4656595714239102,text
text__paperback,-0.5411177336505915,text
text__para,-0.51229833398312,text
text__parade,0.3506239284766462,text
text__paradise,-0.21417811571337597,text
text__paranormal,-2.1459840066127533,text
text__parents,-0.5708329205499011,text
text__paris,0.20281896832196747,text
text__park,-0.04960308995490969,text
text__parks,-0.560440208180677,text
text__parody,-1.5091844270792412,text
text__parts,0.74386528793056,text
text__party,-0.5647259037028264,text
text__passion,-0.7678334401274357,text
text__past,-0.7910354701963803,text
text__patent,-1.3288925899338642,text
text__path,-0.7802165854234243,text
text__pathfinder,0.8986320896032903,text
text__paul,0.09596950681766506,text
text__pay,-0.23662496840167485,text
text__pc,0.15976134373042147,text
text__peace,-0.42397441820943516,text
text__pedal,1.31599402045726,text
text__pen,1.0486009763513082,text
text__pencil,0.07031688619815414,text
text__penny,0.3365289783748079,text
text__pens,2.0338347755689585,text
text__people,-0.1759031374773629,text
text__pepper,-0.14192994153344068,text
text__perfect,0.10131509034107089,text
text__performance,0.5118230559293986,text
text__performing,-0.24316298616325163,text
text__person,-0.12879392448249,text
text__personal,-0.41900097433964206,text
text__personalized,-1.3713942486062896,text
text__perspective,-1.2367386514684569,text
text__pet,-1.086731539435952,text
text__peter,0.7937375426766549,text
text__pets,-0.33333035436077174,text
text__phantom,-0.5014804916264232,text
text__phase,-0.239852441064619,text
text__philadelphia,0.013405261117444505,text
text__philly,1.0242975830840875,text
text__phoenix,-0.3851848854104749,text
text__phone,-0.6120937115839167,text
text__photo,-0.2795906872353195,text
text__photobook,-0.2751971364191201,text
text__photographer,-0.6010693854811606,text
text__photographic,-0.47443354360192747,text
text__photographs,0.8171704566252647,text
text__photography,-0.7573687265448986,text
text__photos,-0.6636019836967337,text
text__physical,0.39255491294158773,text
text__pi,0.0761189018858753,text
text__piano,-0.3517586274056918,text
text__pick,-0.8249642265084107,text
text__picture,0.10224701635497328,text
text__pictures,-0.956334578832698,text
text__pie,0.05895186892929912,text
text__piece,0.18109508786450274,text
text__pieces,0.40039531816153473,text
text__pig,0.5394102357088416,text
text__pillow,-0.1712285464174469,text
text__pilot,0.17460254030915878,text
text__pin,0.32686403004000225,text
text__pink,0.21441701630613816,text
text__pins,0.48164901340329624,text
text__pirate,-0.0881696152377971,text
text__pirates,-0.059244650129895604,text
text__pixel,0.5931313725089309,text
text__pizza,0.09947558192377205,text
text__place,0.2868714560458169,text
text__places,0.27411411647484235,text
text__plan,-0.018326316899393034,text
text__planet,-0.5969077086897465,text
text__planner,0.18017278959860114,text
text__plant,0.3644232039998754,text
text__plastic,-0.5772647312750754,text
text__plate,0.4939785831109719,text
text__platform,-0.4913404382791161,text
text__platformer,-0.06611146483296916,text
text__play,-0.13520183935350713,text
text__player,-0.8180924866426029,text
text__players,-0.18118730371863648,text
text__playing,1.0363024427105414,text
text__plays,-0.7133870810645625,text
text__plug,0.37259128289655,text
text__plus,-0.5906617907694769,text
text__plush,0.9784421003802314,text
text__pocket,0.5860094482748235,text
text__podcast,-0.6962780743039718,text
text__poems,0.15705932841267067,text
text__poetry,-0.3913566185060623,text
text__point,-0.1303703367697123,text
text__pokemon,-1.8139236302951531,text
text__poker,-1.136281348748084,text
text__pole,0.021222581946093697,text
text__political,-1.202538550661936,text
text__politics,-0.23030116099387252,text
text__pong,-1.3647049361664796,text
text__pool,-0.08670330909088682,text
text__pop,0.09364777226700882,text
text__popcorn,0.11331780059591456,text
text__port,0.071859661033225,text
text__portable,0.11737712123786703,text
text__portal,-0.22233817826378208,text
text__portfolio,-0.07991303465244866,text
text__portland,0.9353912658721114,text
text__portrait,0.3633440553639338,text
text__portraits,0.09032532684020514,text
text__positive,-0.138274226783561,text
text__post,0.9699380458874414,text
text__postcard,0.5181063024733575,text
text__postcards,-0.02891985175014658,text
text__poster,0.22515276232080156,text
text__posters,-0.11797362078443849,text
text__pot,-0.24281671250010395,text
text__potato,-1.8695939737304619,text
text__pottery,-1.0613781958433144,text
text__pour,-1.0273387499197977,text
text__power,-0.24712242066282653,text
text__powered,-0.09913374178179127,text
text__powerful,1.098539359790828,text
text__pre,0.3204217661116819,text
text__precision,-0.1837830077290037,text
text__premier,-0.4138796200689292,text
text__premiere,0.6848013771650523,text
text__premium,0.22400149317752868,text
text__present,0.5722277878937917,text
text__presents,0.32454896207990847,text
text__preservation,-0.3592528346400488,text
text__president,-1.4102967979625065,text
text__press,0.7794317289047347,text
text__pressing,-0.4063550281285815,text
text__pretty,0.09105900621776616,text
text__price,-0.21318177093554658,text
text__pride,-0.20375037344139044,text
text__prince,-0.6947707273014317,text
text__princess,0.08435573900285583,text
text__print,0.13228392220620655,text
text__printed,-0.576335707070552,text
text__printer,1.2987671319594942,text
text__printing,0.1721628414629836,text
text__prints,-0.19029534122358077,text
text__prison,0.16366735795702933,text
text__private,-0.4606392970438813,text
text__pro,-0.02597406606929959,text
text__produce,-0.3872194605376642,text
text__produced,0.3665239038471289,text
text__producer,-1.2941377678264108,text
text__product,-1.105043535621127,text
text__production,-0.4332192863675032,text
text__productions,-0.9373750161106945,text
text__products,-1.049608265016911,text
text__professional,-0.8266682144740152,text
text__profit,-0.5937503252058896,text
text__program,-0.42884170276139877,text
text__programming,0.7768794763703429,text
text__progress,0.6149231788416851,text
text__project,-0.21621565997953712,text
text__projects,0.4107342393612873,text
text__promise,-0.18097257911732179,text
text__promo,-1.5042170432424466,text
text__promote,-1.1831026688655646,text
text__promotion,-1.7462848202710208,text
text__proof,0.6208131053280294,text
text__protect,-0.9180859749982361,text
text__protection,-0.29819380100897425,text
text__protein,0.10587036026152885,text
text__prototype,-1.8539585754799552,text
text__psychological,0.5777292442907986,text
text__pub,0.03555777717313583,text
text__public,0.3842301684878151,text
text__publication,-0.48045959218528245,text
text__publish,-0.32854295957666363,text
text__published,-0.9391873267088324,text
text__publishing,-0.744864088428708,text
text__punk,0.5083686107326804,text
text__puppet,0.2804391828357782,text
text__pure,0.04829457738297922,text
text__purple,-0.13413958581833452,text
text__purpose,0.30696063944884455,text
text__pursuit,-0.3261243799053016,text
text__push,0.046855590552916465,text
text__puzzle,-0.5645205283506692,text
text__quality,0.1917589470052618,text
text__quarterly,0.8434843523820553,text
text__quartet,0.5075670424818524,text
text__queen,0.34882083264522346,text
text__queer,0.9661958319302452,text
text__quest,-0.21102786872,text
text__quick,-0.31256713931018654,text
text__quiet,0.3287918117290867,text
text__rabbit,0.44009174875764506,text
text__race,-0.6517627288824609,text
text__racing,-1.302566794693499,text
text__rack,-0.22466888992485273,text
text__radio,-0.8415446756245579,text
text__rain,-0.18837201698289785,text
text__rainbow,-0.19635376181797443,text
text__raise,-0.10747485751690193,text
text__raising,-1.0103251141673237,text
text__ranch,-0.3995173166751247,text
text__random,-0.6542876727775072,text
text__range,-0.11578604208841803,text
text__rap,-0.9269321386572179,text
text__rare,0.09661916976768932,text
text__raspberry,1.7627633347747518,text
text__raw,-0.14235564180828855,text
text__ray,0.17530466019374621,text
text__razor,0.1915773145891923,text
text__rd,0.639878087568163,text
text__reach,-0.27880647692675103,text
text__read,-0.2622796552575983,text
text__reader,-0.4880632042697201,text
text__reading,0.1729738009277434,text
text__ready,-0.7541385295864341,text
text__real,-0.7091328480611441,text
text__reality,-0.7327757521909666,text
text__really,-0.5328006104785573,text
text__realm,-0.46900041281414145,text
text__rebel,-0.5119861684949153,text
text__reboot,-0.2982419145839422,text
text__recipe,-0.8800775318029601,text
text__recipes,-0.7161947424338931,text
text__record,0.894713042377112,text
text__recording,-0.2271735027760059,text
text__records,-0.0096930091925107,text
text__recovery,-0.4425746538177616,text
text__recycled,0.057906436669559476,text
text__red,0.20096636894152115,text
text__redefining,1.3386206710846027,text
text__redemption,-0.19936652437385236,text
text__reflections,0.06346543645282393,text
text__reinvented,1.5690997391890362,text
text__relaunch,1.220434510599663,text
text__release,0.09303367678980766,text
text__releasing,0.2525067319955487,text
text__remember,-0.4853546756881876,text
text__remix,0.01906682251507432,text
text__remote,-0.4517999849998236,text
text__renaissance,0.26265133520060235,text
text__report,-0.0845849183310288,text
text__rescue,-0.44080770795745494,text
text__research,-0.04009358538795294,text
text__residency,2.1999495087819514,text
text__resistance,-0.2627515562782707,text
text__rest,0.7024834876433048,text
text__restaurant,-0.2755401334836295,text
text__restoration,-0.10975643235870416,text
text__retail,-0.8151432949301182,text
text__retro,-0.18897261506718752,text
text__return,0.11351495130312829,text
text__returns,0.622777509491744,text
text__revenge,-0.9185814458999116,text
text__review,-0.7183521898929235,text
text__reviews,-3.042652790110909,text
text__revival,-0.1497306959953816,text
text__revolution,0.20644410534294771,text
text__revolutionary,0.21821929683420205,text
text__rfid,1.3110288745261764,text
text__rhythm,0.33612895456389014,text
text__rich,-1.0050069043195813,text
text__richard,0.8956998823269435,text
text__ride,-0.4246107086837765,text
text__riding,-0.5364313944376898,text
text__right,-0.12142206135961771,text
text__rights,0.3453507396139932,text
text__ring,0.2196818833835862,text
text__rings,0.8839355583947168,text
text__rise,-0.3025515697418787,text
text__rising,-0.09602077970616243,text
text__river,0.09112717909873676,text
text__road,-0.2268167328708099,text
text__rob,-0.31694655264423166,text
text__robert,-0.014708016855532477,text
text__robot,0.2749225524867163,text
text__robotic,0.6140112557614287,text
text__robotics,0.4383099938697734,text
text__robots,-0.26160680112818174,text
text__rock,-0.5688372147526164,text
text__rocket,0.44778185886645405,text
text__rocks,-0.09581997849452635,text
text__rogue,0.5520794222199856,text
text__role,-0.876782503339386,text
text__roleplaying,0.889144074836487,text
text__roll,0.5172280648387981,text
text__roller,0.2851168672005696,text
text__rolling,0.38401355420779665,text
text__romance,-0.3196563363946693,text
text__romantic,-0.3798971828062142,text
text__room,0.4371768995398312,text
text__roots,0.34236847527620934,text
text__rose,-0.03136632570998123,text
text__rough,0.1669651560095659,text
text__round,-0.15352069754894343,text
text__route,-0.7300349346079339,text
text__royal,-0.01827937470720678,text
text__rpg,0.6708104236553987,text
text__rule,-0.05866345997753883,text
text__rules,-0.5221159644473835,text
text__run,0.2464709508604768,text
text__running,-0.187016366205099,text
text__rural,0.15512952001412278,text
text__rush,-0.22881170517885888,text
text__ryan,0.3707441797663286,text
text__sacred,0.1213173330274186,text
text__safe,-0.4667890676656299,text
text__safety,-1.1087287368379983,text
text__saga,-0.5163428399277169,text
text__saint,0.4856226887791812,text
text__salad,-1.8335611328534953,text
text__sale,0.19528649514633376,text
text__salsa,-1.2459195188441325,text
text__salt,0.6741059983846994,text
text__sam,-0.10534467018416784,text
text__samurai,-0.08906602227173825,text
text__san,0.30325500107361236,text
text__sand,-0.8340384535010784,text
text__sandwich,-0.30401113049676726,text
text__santa,-0.49420038343122263,text
text__sarah,0.8979626271066442,text
text__sauce,0.11256896809044893,text
text__sauces,-1.0136311703511953,text
text__savage,1.1981759867665729,text
text__save,0.047424666399996526,text
text__saving,-0.5681531309588368,text
text__say,-0.0038296304371048893,text
text__scale,-0.6932924163181429,text
text__scene,-0.5190595913483828,text
text__scenes,-0.11007526875277748,text
text__school,-0.1652892258842103,text
text__schools,-0.6206723920209865,text
text__sci,-0.31226610766042023,text
text__science,0.49731896214060134,text
text__scifi,-0.10399246235761854,text
text__scotland,-0.7815007356695366,text
text__scott,0.09426733206737226,text
text__scout,0.8505717304421186,text
text__scratch,0.10771783697545567,text
text__screen,0.4728423933831193,text
text__sculpture,0.20975835301888338,text
text__sculptures,-0.7200707208024747,text
text__sea,0.9917566377091546,text
text__sean,0.07969911757140075,text
text__search,-0.23183366633743857,text
text__season,1.0396607723087534,text
text__seasons,-0.05773390446015969,text
text__seat,-0.08605313171224363,text
text__seattle,-0.02980259266993381,text
text__second,0.17638960321565675,text
text__seconds,-0.3198969246694941,text
text__secret,0.26437959774250863,text
text__secrets,-0.11072952916207275,text
text__secure,0.002804632153356558,text
text__security,-0.6798084413948022,text
text__seed,-0.010202919766322087,text
text__seeds,0.18284437322723707,text
text__seeking,-0.6246878811949831,text
text__seen,-0.5602499657090259,text
text__self,-0.09641332037523631,text
text__sell,-2.8438701279610545,text
text__send,0.5206466079749512,text
text__senior,0.23360081128891286,text
text__sense,-0.4723228047178373,text
text__sensor,0.2521337144687579,text
text__sequel,0.28620846290034035,text
text__series,-0.362918303181207,text
text__server,-1.1243731042389336,text
text__service,-0.9207169175357798,text
text__services,-1.8033987776917852,text
text__sessions,0.39823730319753053,text
text__set,0.13630805446985098,text
text__sets,-0.4530197141439933,text
text__setting,-0.5820687631997299,text
text__seven,-0.3475424221747758,text
text__sex,0.0016933270943845229,text
text__sexy,-1.0174521855864576,text
text__sf,0.951855204810996,text
text__shack,-0.13635404487344122,text
text__shades,0.13828956701583864,text
text__shadow,-0.16090628278350427,text
text__shadows,0.013594248990258172,text
text__shakespeare,-0.09712181837083798,text
text__share,-0.4475712755992262,text
text__sharing,0.12135884719567139,text
text__shark,0.223680174102755,text
text__sheep,0.42235861908086997,text
text__shelter,0.19839879216179732,text
text__shield,-0.4616385888707214,text
text__shift,-0.3320891018886781,text
text__shine,0.07026319467495522,text
text__ship,-0.06456121262585768,text
text__shirt,-0.5338367904779983,text
text__shirts,-0.6147293978609445,text
text__shoe,-0.41413863823005675,text
text__shoes,0.06668137488411185,text
text__shoot,-0.17619159747550175,text
text__shooter,-0.5779967914860115,text
text__shop,-0.25955325424020015,text
text__shopping,-1.7325439683938657,text
text__short,0.3656956360861713,text
text__shorts,0.9206438318179405,text
text__shot,-0.0843094704793164,text
text__showcase,-0.06756887178874536,text
text__shower,-0.9088233444332772,text
text__shows,-0.25796722976389386,text
text__sight,0.1558541396667184,text
text__sign,-0.7289549367866363,text
text__signs,0.38821955328988805,text
text__silence,0.4579591109305308,text
text__silent,-0.3234094356867836,text
text__silk,0.34975808379008755,text
text__silver,0.21357635128728444,text
text__simple,-0.06987899903151173,text
text__simply,-0.4429469825987368,text
text__simulator,-0.030823322359694833,text
text__sin,0.010985746528918738,text
text__sing,0.01994773009441021,text
text__singer,-0.5972195074139679,text
text__singing,-0.4528650839840969,text
text__single,-0.9768450580157312,text
text__sister,0.3903725171344974,text
text__sisters,0.21208253051644588,text
text__site,-0.5935825914304178,text
text__size,-0.34164888020537426,text
text__sized,-0.23245710066018657,text
text__skate,-0.857039518254838,text
text__skateboard,0.13723416677402006,text
text__skateboards,-0.49547363646396947,text
text__sketch,0.4336800013369415,text
text__sketchbook,1.3470878583423584,text
text__ski,-0.25738254269585864,text
text__skies,0.1656085397942774,text
text__skin,-0.21156753813761214,text
text__skull,0.34504016319933783,text
text__sky,-0.004647760675008521,text
text__sleep,0.6192815347555632,text
text__sleeping,0.2099343234124645,text
text__slim,1.183693142806114,text
text__slow,0.5375591058227464,text
text__small,-0.13376612344439603,text
text__smallest,1.601728064568212,text
text__smart,0.906970951235358,text
text__smarter,1.0332838065740098,text
text__smartest,2.1730243931490443,text
text__smartphone,0.20156949938770147,text
text__smile,-0.39839157430193783,text
text__smith,0.601909913596224,text
text__smoke,0.4189208615668595,text
text__snack,0.015303301478315505,text
text__snap,-0.9281543532895937,text
text__snow,0.13583480791975,text
text__soap,-0.07681089662099287,text
text__soaps,-0.8825998776498127,text
text__soccer,-0.18544290734483337,text
text__social,-0.8067618913436997,text
text__society,-0.34689238643417536,text
text__sock,0.8160373672295794,text
text__socks,1.1300461642593298,text
text__soft,-0.6761121495107745,text
text__software,0.03306084898944649,text
text__solar,-0.5714470537251667,text
text__soldier,-1.100752387744273,text
text__soldiers,-0.11154329955720772,text
text__solid,-0.5555967443383646,text
text__solo,0.43714321128597566,text
text__solution,0.2012395743141264,text
text__solutions,-1.1040591284170271,text
text__son,-0.3300868548452568,text
text__song,-0.668058908139396,text
text__songs,0.09866981560247688,text
text__songwriter,-0.4104012170027465,text
text__sons,-0.037675087888440005,text
text__soon,-0.2791992022428994,text
text__sophomore,0.47153364190699304,text
text__soul,-0.5271873493005566,text
text__souls,-0.5787173661381678,text
text__sound,-0.10004041046684745,text
text__sounds,-0.2558960870202768,text
text__soundtrack,-0.11776029570718839,text
text__soup,0.2057423333316756,text
text__source,0.348809426202528,text
text__south,0.009599963092463908,text
text__southern,-0.8067420037299254,text
text__soy,-0.6219543082613086,text
text__space,0.3459479153597446,text
text__spaces,1.1471841006025025,text
text__spanish,-1.0392510564323667,text
text__spark,1.1280818373417958,text
text__speak,0.1204570898034015,text
text__speaker,-0.23153846216176968,text
text__special,0.49953990716247987,text
text__speed,-0.15744753355200045,text
text__spice,0.02693336813633195,text
text__spin,0.11040065999223277,text
text__spinner,0.018993805509630552,text
text__spinning,0.8894291895757759,text
text__spirit,-0.5683092900181539,text
text__spirits,0.4353067597129059,text
text__spiritual,-1.1068848146210484,text
text__split,0.05753997215910567,text
text__spoon,0.3485388259348063,text
text__sport,-1.087308816049846,text
text__sports,-1.629765176713231,text
text__spot,-0.2892890152428177,text
text__spread,0.15681753722037856,text
text__spring,0.21368978434861421,text
text__spy,0.7690976650824778,text
text__squad,-0.2847482160129168,text
text__square,0.0806796913338672,text
text__st,-0.35719699964016627,text
text__stage,-0.7503831404932099,text
text__stand,-0.5448218235634809,text
text__standard,-0.21546620623499216,text
text__standing,0.19860007960629103,text
text__star,-0.008761075020250291,text
text__starring,0.38390734209572414,text
text__stars,0.3452291116325232,text
text__start,-1.0912569346503607,text
text__starter,-0.004094795961214112,text
text__starting,-1.5520364203367092,text
text__startup,-0.9726248698721023,text
text__state,-0.3947025423088454,text
text__states,0.0752507270469502,text
text__station,-0.19933929291572428,text
text__stay,-0.6624888685955801,text
text__steam,0.2541408861848594,text
text__steampunk,0.5656448955154558,text
text__steel,-0.4226842112462382,text
text__stem,-0.0026952738825164885,text
text__step,-0.19349744524755536,text
text__stephen,0.40558087192722775,text
text__steps,0.6526999262838672,text
text__steve,0.20562820839563267,text
text__stick,-0.10383289577543826,text
text__sticker,-0.7413041560837424,text
text__stickers,-0.37061321422485066,text
text__stock,-0.7660101484254105,text
text__stone,-0.28292657698640594,text
text__stones,0.2558504403592194,text
text__stop,-0.3131667997571212,text
text__storage,0.3493923292875592,text
text__store,-0.0888312334668954,text
text__stories,0.20920544213363212,text
text__storm,0.21422332316542367,text
text__story,-0.30555921716661255,text
text__storytelling,0.6273443936858776,text
text__straight,0.054708745244369444,text
text__strange,0.5503638275709037,text
text__strangers,0.6111719135079894,text
text__strap,0.19950522352930075,text
text__strategy,-0.2079245719100871,text
text__streaming,-0.01544491679249573,text
text__street,-0.07360904350391406,text
text__streets,-0.022385652739908297,text
text__streetwear,-1.8932628270715774,text
text__stretch,1.6638356932057936,text
text__string,-0.3681520566092887,text
text__strings,-0.001786867919980721,text
text__strong,0.3905228332650368,text
text__student,-0.0745256755850028,text
text__students,-0.1715227149066656,text
text__studio,-0.07771923129057585,text
text__studios,-0.8128332731513106,text
text__study,-0.563586914827026,text
text__stuff,-0.7564280017687146,text
text__style,-0.045670016061423076,text
text__stylish,-0.5419037550793157,text
text__subscription,0.05787398378584369,text
text__success,-2.0048348885163594,text
text__sugar,0.4905865238480072,text
text__suicide,-0.40737873591050566,text
text__suit,-0.8573647855353035,text
text__summer,0.2795378071456906,text
text__sun,0.6832954151827951,text
text__sunday,0.0018660381398051314,text
text__sunglasses,0.9521392783923561,text
text__sunshine,-0.599218821512355,text
text__super,-0.06250875239021539,text
text__superhero,-0.3755950990281915,text
text__supernatural,-0.0733146979669048,text
text__supply,-0.7708207410383885,text
text__support,-0.3424773625098915,text
text__surf,-0.0012644123487010796,text
text__survival,-0.595641072004249,text
text__survive,-0.5406564800227168,text
text__surviving,-0.8039462200093513,text
text__survivor,-0.37368420275570585,text
text__sustainable,0.6054858416660388,text
text__sweet,0.08272234354836627,text
text__sweets,-0.31891944048037574,text
text__swim,0.25756021339371993,text
text__swimwear,0.3475229472737548,text
text__swing,-0.16080324957075992,text
text__swiss,0.9799727163509548,text
text__switch,-0.765867357046049,text
text__sword,-0.17691326859419942,text
text__sxsw,1.7693257009380503,text
text__symphony,-0.06903351153490064,text
text__systems,-0.5288350178909013,text
text__table,-0.3046423509944498,text
text__tablet,-0.2683093993733726,text
text__tabletop,-0.2360397733412713,text
text__tactical,0.10723545322827296,text
text__tag,0.4563196503720313,text
text__takes,-0.33870093777179583,text
text__taking,-0.4607146230453938,text
text__tale,0.3526316070403919,text
text__talent,-0.8825624190301302,text
text__tales,0.1775896579794588,text
text__talk,-0.5207644436065031,text
text__talking,-0.1648044286002573,text
text__tall,0.36838875715507924,text
text__tank,0.00040000235886452663,text
text__tap,-0.26243492874263064,text
text__tape,0.02665354038160131,text
text__tarot,1.0472576500003605,text
text__taste,-0.013487278849070219,text
text__tasty,-0.22427916547146465,text
text__tattoo,-1.2535665667515368,text
text__taylor,0.5909668703134493,text
text__tea,0.34609616157086054,text
text__teach,-0.5227905449124323,text
text__teacher,-0.5749026893909344,text
text__teaching,-0.6754733702917496,text
text__team,-0.3438994563282198,text
text__tears,-0.535419878907617,text
text__tech,0.07934088488342644,text
text__technology,-0.39464681864463463,text
text__tee,-0.7720271880257963,text
text__teen,0.3235759546997957,text
text__teens,-1.4390909456147247,text
text__tees,-0.823781333960805,text
text__television,-0.6676662597337699,text
text__tell,0.11565101507099684,text
text__temple,0.8173923440774955,text
text__tennis,0.18413306797309123,text
text__terra,0.17967445336445068,text
text__terrain,-0.18799474789862514,text
text__terror,-1.2452169948367315,text
text__test,-0.052378172125194966,text
text__texas,-1.0549413312797957,text
text__text,-0.15553989686967218,text
text__th,0.3705326476682077,text
text__thank,0.4638786468450694,text
text__theater,-0.11909967372702591,text
text__theatre,-0.027295939543665392,text
text__theatrical,-0.39611003411000534,text
text__themed,-0.9541205381778186,text
text__theory,-0.6303092268242783,text
text__therapy,-0.6296597587303429,text
text__thesis,1.6580093597076262,text
text__thing,-0.28113441562931174,text
text__things,0.16597659611970592,text
text__think,-0.6572550828803565,text
text__thinking,-0.571687281138772,text
text__thomas,-0.2088022656125936,text
text__thought,-0.6059397983957957,text
text__thoughts,-0.539182551298058,text
text__thousand,0.2710170642182805,text
text__threads,0.7258323754399001,text
text__thriller,-0.22056029109224284,text
text__tie,-0.524025388636062,text
text__ties,0.56993105575465,text
text__tiger,0.5672367562380802,text
text__tiles,-0.031565547859617384,text
text__tim,0.23636771116719518,text
text__time,-0.42925552906917996,text
text__timeless,0.22985283515299682,text
text__times,-0.059696596057631224,text
text__tiny,0.5197483317723627,text
text__tip,0.5567911738406245,text
text__titanium,1.9878415838790615,text
text__title,-0.34025015251458074,text
text__titled,-1.5722321114749989,text
text__today,-0.4567525292232763,text
text__toilet,-0.7686407459883845,text
text__tokyo,0.42219560604673245,text
text__told,-0.9574824688008159,text
text__tom,0.22573775182357692,text
text__tomorrow,0.16348391312826235,text
text__tony,-0.9560295704655278,text
text__tool,0.07402177112680403,text
text__tools,-0.007099200526877593,text
text__tooth,-0.4588931948178874,text
text__toronto,-0.45460136517510075,text
text__touch,0.09596497984797425,text
text__tour,0.057676399360956976,text
text__touring,0.4887842941420356,text
text__tours,0.7714156720672422,text
text__towel,-0.3837512895991897,text
text__tower,-0.17519171623798793,text
text__town,-0.25617164377796936,text
text__toy,-0.10765701222711517,text
text__toys,-0.19382430533670406,text
text__track,-0.27768631716796494,text
text__tracker,1.1706764727885044,text
text__tracking,1.4584289166609865,text
text__trade,0.6501608238727961,text
text__trading,-0.3839098000087011,text
text__tradition,0.7179744595997204,text
text__traditional,-0.49008467207933426,text
text__trail,-0.2085781947885503,text
text__trailer,-0.8167946642019405,text
text__train,-0.11216849396726243,text
text__training,-0.4003438527952801,text
text__translation,-0.7049958473667965,text
text__trash,-0.2567047936066942,text
text__travel,0.1583208109061617,text
text__traveler,0.09746126586683658,text
text__traveling,-0.5337180058470731,text
text__travels,0.4221527152021632,text
text__treasure,-0.062232314008427096,text
text__treasures,-0.27055812677281715,text
text__treats,-1.0390037623744601,text
text__tree,-0.06434236663977841,text
text__trees,0.5033245080370754,text
text__trek,0.5631418970144567,text
text__tribe,-0.01914547674047002,text
text__tribute,-0.7070939536961681,text
text__trilogy,-0.23380098308499572,text
text__trio,-0.29573214211842697,text
text__trip,-0.5297035215734351,text
text__truck,-0.12264574949924313,text
text__true,-0.24945287343848083,text
text__truly,0.3254100882203497,text
text__trump,-2.391798479794103,text
text__trust,0.42862712285661914,text
text__truth,-0.9482060613537255,text
text__try,-0.610032387479558,text
text__trying,-0.5693696702168615,text
text__tube,-0.817774589841606,text
text__turn,0.32128650580465673,text
text__turning,-0.7368045258002774,text
text__turtle,0.3637133756118979,text
text__tv,-0.8426381856069477,text
text__twin,-0.11693505128140895,text
text__twist,-0.2833620713809863,text
text__twisted,-1.1918790885935555,text
text__tx,-0.29517007384313254,text
text__type,0.4842398759957692,text
text__ugly,-0.176226366829385,text
text__uk,-0.5812476009623223,text
text__ultimate,0.43444923426042775,text
text__ultra,0.6477925337483101,text
text__uncle,-0.3326880981672288,text
text__und,-1.541818136232112,text
text__undead,-0.22904114570840306,text
text__underground,-0.013519353792134672,text
text__underwater,-0.28257076178151747,text
text__underwear,1.2735325852436943,text
text__unicorn,1.2748173368321363,text
text__union,0.20738338635634065,text
text__unique,-0.8461553450513005,text
text__united,-1.0558266629251631,text
text__unity,-0.7980754437017681,text
text__universal,-0.09185959853045225,text
text__universe,0.10865347766174786,text
text__university,-0.0933119103639904,text
text__unknown,-0.622591604906085,text
text__untitled,0.32377720226791074,text
text__untold,0.0714572566339685,text
text__upcoming,-1.036454214643962,text
text__upgrade,-0.4079571465670712,text
text__urban,-0.2717148664623274,text
text__usa,0.041798027039651915,text
text__usb,0.45127081625254273,text
text__use,-1.1086366190735506,text
text__using,-0.832555457620147,text
text__valentine,-0.20728272293516575,text
text__valley,-0.20578318153550804,text
text__vampire,-0.3438616242980142,text
text__van,0.5606037618047706,text
text__vault,-0.282657251971767,text
text__ve,-0.02781638984179882,text
text__vegan,0.11153796266005483,text
text__vegas,-0.9870814206002282,text
text__vehicle,-0.6687138010373879,text
text__venice,-0.22034078700305101,text
text__venue,-0.16770252434022598,text
text__vermont,1.5072057232206741,text
text__versatile,0.635013917295751,text
text__version,-0.38433427340247783,text
text__veteran,-1.1514770548795346,text
text__veterans,-0.695535573778916,text
text__video,-0.12009150192274075,text
text__videos,-0.5988181379980388,text
text__view,-0.4557620668416213,text
text__village,0.4795311557664857,text
text__vintage,-0.22124420867207778,text
text__vinyl,0.3957878198165348,text
text__violence,-1.332785945432168,text
text__virginia,-0.39395203874360635,text
text__virtual,0.068900829416304,text
text__vision,-0.11413638972286984,text
text__visions,-0.7347284498659103,text
text__visual,0.734060302291267,text
text__voice,-0.9642988823680189,text
text__voices,-0.14107650478301875,text
text__vol,0.6960245248422908,text
text__volume,1.1501223361596487,text
text__von,-0.04912861545342145,text
text__voyage,-0.1324339231295754,text
text__vr,-0.17784942130491585,text
text__vs,-0.40240150488822357,text
text__waiting,0.17850347161943786,text
text__wake,0.4434935050009503,text
text__walk,-0.1516151532828557,text
text__walker,-0.647761190160765,text
text__walking,-0.08645837596447396,text
text__wall,-0.2120648556502353,text
text__wallet,0.9835916443128536,text
text__wallets,0.538065161392493,text
text__walls,0.35231837731024107,text
text__want,-1.0827798225300898,text
text__wanted,-0.23015155132779674,text
text__wants,-0.622594355951202,text
text__war,-0.4483899830968131,text
text__warm,0.2939402451344611,text
text__warrior,-0.749229001119568,text
text__warriors,-0.617996635956086,text
text__wars,-0.7034989258321257,text
text__washington,-0.3095175826497535,text
text__waste,0.11213925841476752,text
text__watch,1.1946997045973424,text
text__watches,1.7907431427352425,text
text__water,0.012462227862769085,text
text__waterproof,0.5928368894230902,text
text__wave,-0.5401528351095414,text
text__waves,0.7005207174719087,text
text__wax,0.018640233971427084,text
text__way,-0.03892713883205178,text
text__ways,-0.08050173396560441,text
text__wear,-0.632484919279715,text
text__wearable,0.498548543394429,text
text__weather,0.2111994080064245,text
text__web,0.23196067345087118,text
text__webseries,0.16192803445368728,text
text__website,-1.3590759959156316,text
text__wedding,-0.22147266726028605,text
text__week,0.09125995184695947,text
text__weekend,0.2903686832538404,text
text__weight,-0.45661711735519234,text
text__weird,0.165533322067871,text
text__welcome,-0.4631300100000581,text
text__west,0.28668724964874226,text
text__western,0.20860685430683754,text
text__whale,1.5034011037359485,text
text__wheel,-0.0553308344261093,text
text__wheels,0.40728704606610633,text
text__whiskey,0.9068883832367725,text
text__white,-0.045277056442610625,text
text__wicked,0.17813621701502064,text
text__wide,0.2524581383744895,text
text__wifi,0.32279296565579724,text
text__wild,0.38289826923596354,text
text__wilderness,0.13223322287453676,text
text__wildlife,-0.4381065869052831,text
text__william,-0.5537968348746247,text
text__williams,-0.2901959529958041,text
text__win,-1.7816701667815218,text
text__wind,-0.030234657268942845,text
text__window,-0.3086325668266276,text
text__windows,-0.3950367735295149,text
text__wine,0.01967453963360668,text
text__wing,-0.0723757346455409,text
text__wings,-0.18461567087531866,text
text__winning,-0.37045387048450723,text
text__winter,0.26999014489834583,text
text__wire,-0.46233741724307686,text
text__wireless,0.9215900438638932,text
text__wisdom,0.03238545972609707,text
text__wish,-0.12224877588390336,text
text__witch,0.5496708741623259,text
text__wizard,0.09550651431099824,text
text__wolf,-0.17922331567857816,text
text__woman,-0.7578859240098704,text
text__women,0.7292116533301738,text
text__wonder,0.39249099001570037,text
text__wonderful,-0.3267725512774348,text
text__wonderland,-0.58237490032067,text
text__wood,0.2565052473591135,text
text__wooden,0.4444170368347715,text
text__woods,-0.17221172929370948,text
text__wool,1.0389689900911703,text
text__word,-0.5808025335120016,text
text__words,-0.64976425630661,text
text__work,0.0041420071483960555,text
text__working,-0.12769553380735527,text
text__workout,0.01194864361264004,text
text__works,0.38187315842536035,text
text__workshop,0.527523921502141,text
text__world,-0.06752112567935638,text
text__worlds,-0.08322012946091381,text
text__worldwide,-1.2764352454732526,text
text__worship,0.40382094866983526,text
text__worth,-0.32645461159883726,text
text__wrap,0.1441361898550603,text
text__wrestling,-0.7694933100246374,text
text__write,-0.705072773345694,text
text__writer,-0.4169624131356173,text
text__writers,0.43559815615205777,text
text__writing,-0.29847783789546695,text
text__written,-0.5409069371801961,text
text__wrong,-0.753144364571784,text
text__www,-1.716930999826443,text
text__ya,-0.22762790188122162,text
text__yard,0.11398613495983834,text
text__yarn,0.6348842793261554,text
text__year,0.20554128841772507,text
text__years,-0.03279387718607905,text
text__yellow,0.07023671112563347,text
text__yes,1.2816904251972459,text
text__yo,-0.160289313304813,text
text__yoga,0.6662786687961557,text
text__york,-0.2632105519688051,text
text__young,-0.3853667293125923,text
text__youth,-0.17289153671260643,text
text__youtube,-2.5228807007590492,text
text__zealand,-0.6398221575972052,text
text__zen,0.1418272782148505,text
text__zero,0.37597252481560833,text
text__zine,0.7914547714584401,text
text__zombie,-0.6585239780611444,text
text__zombies,-0.14727561677933215,text
text__zone,-0.5707549432192071,text
num__log_goal,-0.5261639164298345,tabular
num__duration_days,-0.202910902957639,tabular
num__name_len,0.151725554801847,tabular
num__name_words,0.140366040560849,tabular
cat__category_3D Printing,0.5863174340137982,tabular
cat__category_Academic,-0.07052604640888255,tabular
cat__category_Accessories,0.04290552445798419,tabular
cat__category_Action,-0.9665452736801102,tabular
cat__category_Animals,-0.20871545213400453,tabular
cat__category_Animation,-0.33629268710436383,tabular
cat__category_Anthologies,1.032915087647807,tabular
cat__category_Apparel,-0.12267875297826533,tabular
cat__category_Apps,-1.0992592587130368,tabular
cat__category_Architecture,-0.23662794585646332,tabular
cat__category_Art,0.07054553123963443,tabular
cat__category_Art Books,1.1315947358754492,tabular
cat__category_Audio,-0.45674662688090717,tabular
cat__category_Bacon,-1.1349367085215742,tabular
cat__category_Blues,0.2522271330904367,tabular
cat__category_Calendars,0.6124343460488545,tabular
cat__category_Camera Equipment,1.1654614855716778,tabular
cat__category_Candles,-0.9556202068222396,tabular
cat__category_Ceramics,0.2833454361363184,tabular
cat__category_Children's Books,0.4525175851085473,tabular
cat__category_Childrenswear,-0.20327486554777316,tabular
cat__category_Chiptune,1.1966544760297975,tabular
cat__category_Civic Design,0.21477778199266062,tabular
cat__category_Classical Music,0.8389257568860646,tabular
cat__category_Comedy,0.24539615142568552,tabular
cat__category_Comic Books,0.45328944088795864,tabular
cat__category_Comics,-0.06727504868024434,tabular
cat__category_Community Gardens,-0.7229328740299565,tabular
cat__category_Conceptual Art,-0.27177235821674944,tabular
cat__category_Cookbooks,-0.4701092697032365,tabular
cat__category_Country & Folk,0.5857537636211819,tabular
cat__category_Couture,-0.25578490411237015,tabular
cat__category_Crafts,-0.4722662809406719,tabular
cat__category_Crochet,-0.8183273231193027,tabular
cat__category_DIY,-0.6964559898905673,tabular
cat__category_DIY Electronics,0.7595550728638352,tabular
cat__category_Dance,0.7801103652875543,tabular
cat__category_Design,-0.040132224693686255,tabular
cat__category_Digital Art,-0.517730081897728,tabular
cat__category_Documentary,0.10445871453571899,tabular
cat__category_Drama,0.2431797792644043,tabular
cat__category_Drinks,-0.4180126579157264,tabular
cat__category_Electronic Music,-0.677342053076596,tabular
cat__category_Embroidery,-0.730742634622186,tabular
cat__category_Events,-0.7882401035718436,tabular
cat__category_Experimental,-0.23277120685081265,tabular
cat__category_Fabrication Tools,0.2798891325133443,tabular
cat__category_Faith,0.1145594033278623,tabular
cat__category_Family,-0.3635081354103217,tabular
cat__category_Fantasy,-0.0716233582951201,tabular
cat__category_Farmer's Markets,-0.7363266483928423,tabular
cat__category_Farms,-0.47097455290324286,tabular
cat__category_Fashion,-0.07073613624050532,tabular
cat__category_Festivals,0.012583094588128646,tabular
cat__category_Fiction,-0.16868563603788572,tabular
cat__category_Film & Video,-0.19640608965145084,tabular
cat__category_Fine Art,0.19571667810167662,tabular
cat__category_Flight,0.10615893828518744,tabular
cat__category_Food,-0.23851276634473365,tabular
cat__category_Food Trucks,-0.8569103656323498,tabular
cat__category_Footwear,0.5054656755028556,tabular
cat__category_Gadgets,0.5309258288895962,tabular
cat__category_Games,-0.17338706916967964,tabular
cat__category_Gaming Hardware,0.0274175272527266,tabular
cat__category_Glass,-0.5657494856424791,tabular
cat__category_Graphic Design,-0.204600428179718,tabular
cat__category_Graphic Novels,0.31917061405675456,tabular
cat__category_Hardware,0.6742632778234006,tabular
cat__category_Hip-Hop,-1.4256970587976043,tabular
cat__category_Horror,-0.24820174555705055,tabular
cat__category_Illustration,0.20646189875098714,tabular
cat__category_Immersive,-0.11094275041571036,tabular
cat__category_Indie Rock,0.49213912656042685,tabular
cat__category_Installations,0.510071496566117,tabular
cat__category_Interactive Design,-0.6740099955304092,tabular
cat__category_Jazz,0.6654461230367902,tabular
cat__category_Jewelry,-0.3563359550218082,tabular
cat__category_Journalism,-0.7654838222096224,tabular
cat__category_Kids,0.342346631943496,tabular
cat__category_Knitting,0.4720212898164423,tabular
cat__category_Latin,-0.15776335733427843,tabular
cat__category_Letterpress,1.1803305943031872,tabular
cat__category_Literary Journals,0.9575553640850833,tabular
cat__category_Literary Spaces,1.9604295112603132,tabular
cat__category_Live Games,-0.4160718583282338,tabular
cat__category_Makerspaces,0.4177919787695841,tabular
cat__category_Metal,-0.3135916516445643,tabular
cat__category_Mixed Media,-0.2132649364429918,tabular
cat__category_Mobile Games,-1.3133719299043232,tabular
cat__category_Movie Theaters,-0.21027351652155726,tabular
cat__category_Music,0.04296709420478119,tabular
cat__category_Music Videos,-0.025467679004766097,tabular
cat__category_Musical,-0.1169042301357712,tabular
cat__category_Narrative Film,0.24593991225455064,tabular
cat__category_Nature,-0.6670187217442507,tabular
cat__category_Nonfiction,0.09774901563115825,tabular
cat__category_Painting,-0.20829922275467863,tabular
cat__category_People,-0.11463465382960839,tabular
cat__category_Performance Art,0.09757279786752032,tabular
cat__category_Performances,0.8446921146448308,tabular
cat__category_Periodicals,0.7088213710794962,tabular
cat__category_Pet Fashion,0.26459017711354804,tabular
cat__category_Photo,-1.2851367409175976,tabular
cat__category_Photobooks,0.8010112711610351,tabular
cat__category_Photography,0.12169983945632569,tabular
cat__category_Places,-0.5762850193796999,tabular
cat__category_Playing Cards,0.33476814597992843,tabular
cat__category_Plays,0.07085339470857738,tabular
cat__category_Poetry,0.2161273826385327,tabular
cat__category_Pop,0.07213938241451617,tabular
cat__category_Pottery,0.5442260066001998,tabular
cat__category_Print,-0.8835803007251763,tabular
cat__category_Printing,-0.400441437118065,tabular
cat__category_Product Design,0.20552708182588486,tabular
cat__category_Public Art,0.5272061663409844,tabular
cat__category_Publishing,0.23582232880736959,tabular
cat__category_Punk,0.007650944419187344,tabular
cat__category_Puzzles,0.186823218301624,tabular
cat__category_Quilts,-0.2604745745335897,tabular
cat__category_R&B,-0.6978143273404188,tabular
cat__category_Radio & Podcasts,0.9959047337415992,tabular
cat__category_Ready-to-wear,-0.23533134279675177,tabular
cat__category_Residencies,1.082054577504939,tabular
cat__category_Restaurants,-0.4347176404105948,tabular
cat__category_Robots,0.7379434945583015,tabular
cat__category_Rock,0.09014920480574709,tabular
cat__category_Romance,-0.32138417569412636,tabular
cat__category_Science Fiction,0.23161407113075874,tabular
cat__category_Sculpture,-0.025386277690500513,tabular
cat__category_Shorts,0.43782123252062655,tabular
cat__category_Small Batch,-0.23233767075895417,tabular
cat__category_Software,-0.6431887158452747,tabular
cat__category_Sound,1.0755622726716538,tabular
cat__category_Space Exploration,0.5964937414711267,tabular
cat__category_Spaces,0.06928885809175597,tabular
cat__category_Stationery,-0.08524243887508665,tabular
cat__category_Tabletop Games,1.4014452290760848,tabular
cat__category_Taxidermy,-0.4850646190632202,tabular
cat__category_Technology,0.017664761857694333,tabular
cat__category_Television,-0.617912677561946,tabular
cat__category_Textiles,-0.2570529362632792,tabular
cat__category_Theater,0.0007418658552518845,tabular
cat__category_Thrillers,-0.3020276041823453,tabular
cat__category_Translations,0.2608058637195184,tabular
cat__category_Typography,0.7445071983811513,tabular
cat__category_Vegan,0.20694131217986234,tabular
cat__category_Video,-1.67844705761437,tabular
cat__category_Video Art,-0.2835579751319481,tabular
cat__category_Video Games,-0.16392808600980152,tabular
cat__category_Wearables,0.8841602791343591,tabular
cat__category_Weaving,0.1761078451480515,tabular
cat__category_Web,-1.1032355629155286,tabular
cat__category_Webcomics,0.12131487749732531,tabular
cat__category_Webseries,-0.3702095702361138,tabular
cat__category_Woodworking,-0.5953660294257703,tabular
cat__category_Workshops,-0.2577368131637454,tabular
cat__category_World Music,0.07067050075258374,tabular
cat__category_Young Adult,-0.1519771080972705,tabular
cat__category_Zines,0.6680048034106358,tabular
cat__main_category_Art,-0.08186046150191789,tabular
cat__main_category_Comics,0.45434069839104696,tabular
cat__main_category_Crafts,-0.32064282153023344,tabular
cat__main_category_Dance,0.24361925293193362,tabular
cat__main_category_Design,0.009441468017402282,tabular
cat__main_category_Fashion,-0.4311805796361267,tabular
cat__main_category_Film & Video,0.1466866810882635,tabular
cat__main_category_Food,-0.0807750309495251,tabular
cat__main_category_Games,-0.11630482280071214,tabular
cat__main_category_Journalism,0.330180567629703,tabular
cat__main_category_Music,0.17288163198464396,tabular
cat__main_category_Photography,-0.44822605835999774,tabular
cat__main_category_Publishing,-0.5966626941739426,tabular
cat__main_category_Technology,-0.41307095503394575,tabular
cat__main_category_Theater,0.87635798551293,tabular
cat__currency_AUD,-1.0449058861806453,tabular
cat__currency_CAD,1.0345018456211768,tabular
cat__currency_CHF,-0.043500800300833094,tabular
cat__currency_DKK,0.8533487770790638,tabular
cat__currency_EUR,-0.7361097441248929,tabular
cat__currency_GBP,0.7358083504367843,tabular
cat__currency_HKD,-0.02549090206487388,tabular
cat__currency_JPY,-0.48273963991540886,tabular
cat__currency_MXN,-0.3662722266466978,tabular
cat__currency_NOK,0.06662438419249017,tabular
cat__currency_NZD,-0.08092110841180983,tabular
cat__currency_SEK,-0.6934060317046538,tabular
cat__currency_SGD,-0.08160641829079923,tabular
cat__currency_USD,0.6094542619721892,tabular
cat__country_AT,0.2796871208299775,tabular
cat__country_AU,0.7947729051911196,tabular
cat__country_BE,0.43404771568237477,tabular
cat__country_CA,-1.1722371448769062,tabular
cat__country_CH,-0.043500800300833246,tabular
cat__country_DE,0.3600357320119749,tabular
cat__country_DK,-0.6471722879756254,tabular
cat__country_ES,0.07289306395875922,tabular
cat__country_FR,0.8515485039295952,tabular
cat__country_GB,-0.7611309732587928,tabular
cat__country_HK,-0.025490902064874095,tabular
cat__country_IE,0.6117048249965708,tabular
cat__country_IT,-0.2026679522927613,tabular
cat__country_JP,-0.48273963991540886,tabular
cat__country_LU,0.7309258206278452,tabular
cat__country_MX,-0.36627222664669756,tabular
"cat__country_N,0""",-0.553065904686812,tabular
cat__country_NL,0.47173858105350563,tabular
cat__country_NO,-0.43455354215990794,tabular
cat__country_NZ,-0.08092110841180983,tabular
cat__country_SE,0.5089695313255472,tabular
cat__country_SG,-0.08160641829079923,tabular
cat__country_US,-0.5201800370474516,tabular
cat__launch_year_2009,0.24527786409351118,tabular
cat__launch_year_2010,-0.017260621463888744,tabular
cat__launch_year_2011,0.11987540514080335,tabular
cat__launch_year_2012,0.013919369658711003,tabular
cat__launch_year_2013,0.07737194778173073,tabular
cat__launch_year_2014,-0.23235886262370423,tabular
cat__launch_year_2015,-0.3445691517456274,tabular
cat__launch_year_2016,-0.10143853442130304,tabular
cat__launch_year_2017,-0.01603255496002097,tabular
cat__launch_month_1,-0.06687927575113643,tabular
cat__launch_month_10,0.044320704788414864,tabular
cat__launch_month_11,-0.008453634637288885,tabular
cat__launch_month_12,-0.1293785544937752,tabular
cat__launch_month_2,0.05879955071389194,tabular
cat__launch_month_3,0.08948883007376174,tabular
cat__launch_month_4,0.05218603419091562,tabular
cat__launch_month_5,0.018180037941420316,tabular
cat__launch_month_6,-0.035460525031558277,tabular
cat__launch_month_7,-0.18852007643679483,tabular
cat__launch_month_8,-0.1026317180920985,tabular
cat__launch_month_9,0.013133488340303427,tabular
cat__launch_dow_0,0.010262451629159529,tabular
cat__launch_dow_1,0.09178525734355805,tabular
cat__launch_dow_2,0.013986744886538387,tabular
cat__launch_dow_3,-0.03598773472113152,tabular
cat__launch_dow_4,-0.09277515274906546,tabular
cat__launch_dow_5,-0.20293147971029032,tabular
cat__launch_dow_6,-0.0395552254477195,tabular
